age,experience,education,job_level,department,job_role,performance_rating,projects_completed,certifications,weekly_hours,overtime_hours,team_size,leadership_score,skill_match,years_in_role,promotion_count,employment_type,location_type,company_size,job_satisfaction,salary
24,7,Masters,Junior,Finance,Manager,1,2,3,56,7,3,7.912019568,7.832916889,3,1,Full-time,Urban,Medium,4,57545.51983
53,2,Bachelors,Junior,IT,Clerk,4,18,3,50,19,11,4.362620244,6.004962599,6,0,Full-time,Rural,Medium,4,51024.57536
43,14,Masters,Mid,IT,Engineer,1,19,1,44,18,2,8.641647448,8.726149003,2,3,Part-time,Semi-Urban,Large,2,91913.02625
32,3,Bachelors,Junior,Finance,Engineer,5,4,2,51,7,1,6.09931716,5.102623998,0,2,Full-time,Urban,Small,1,56080.46596
33,19,Masters,Senior,Finance,Engineer,5,7,9,31,19,13,4.301078423,7.288423088,5,3,Contract,Semi-Urban,Medium,3,99002.18613
39,2,Bachelors,Junior,Sales,Manager,5,16,2,52,2,11,8.781503835,7.62581602,9,3,Part-time,Semi-Urban,Medium,5,86006.48306
42,22,Bachelors,Senior,IT,Manager,1,9,9,50,4,10,4.737848306,6.802419288,1,4,Part-time,Semi-Urban,Medium,1,95924.75145
44,17,PhD,Junior,IT,Clerk,4,2,0,58,11,14,2.087653047,4.000179383,7,2,Full-time,Urban,Large,3,94988.86831
32,27,Masters,Senior,Finance,Clerk,2,9,0,43,7,12,8.821658393,4.911509754,2,4,Part-time,Semi-Urban,Medium,2,102044.4701
26,18,PhD,Mid,HR,Manager,2,19,6,39,4,14,1.244816585,7.211891484,8,2,Part-time,Semi-Urban,Small,4,79999.08637
31,19,Bachelors,Junior,HR,Manager,5,17,3,43,8,12,6.333234031,7.650584313,8,3,Contract,Urban,Large,3,110570.9352
59,22,Bachelors,Junior,Finance,Manager,1,1,4,39,16,6,2.761785523,6.850364796,1,4,Part-time,Rural,Medium,2,98856.22328
54,18,PhD,Senior,Finance,Analyst,2,8,3,46,4,7,8.617936176,1.594477282,1,0,Contract,Rural,Large,3,88743.30891
41,18,Bachelors,Mid,HR,Analyst,3,10,7,40,17,7,4.072910868,5.946919772,8,0,Contract,Rural,Small,2,94737.21459
44,11,PhD,Senior,Sales,Manager,1,11,2,49,10,6,4.928130398,9.021002993,5,4,Contract,Semi-Urban,Small,1,63999.33399
31,26,PhD,Junior,Sales,Engineer,3,15,0,45,3,14,9.526527603,1.45256429,9,2,Full-time,Rural,Large,3,110933.6048
36,10,Masters,Senior,IT,Engineer,2,13,7,57,5,9,5.758056346,4.016001695,3,0,Part-time,Rural,Medium,2,68759.25838
39,26,Masters,Senior,Sales,Clerk,5,13,0,31,18,14,2.425296826,8.432678148,2,1,Part-time,Semi-Urban,Medium,3,128057.5106
24,1,Bachelors,Junior,HR,Manager,5,6,3,50,0,12,2.684488847,3.232535906,0,3,Contract,Rural,Large,4,61432.53193
24,8,Bachelors,Mid,Finance,Analyst,4,8,9,46,14,3,3.124740194,1.785078829,4,3,Part-time,Semi-Urban,Small,4,63886.83479
25,18,PhD,Junior,Finance,Analyst,1,14,0,57,4,8,4.146377091,5.233688609,3,3,Part-time,Urban,Small,2,84367.80342
50,4,PhD,Senior,IT,Analyst,3,18,2,52,16,6,1.819101052,6.629823813,9,4,Part-time,Urban,Medium,5,59604.88963
24,5,Masters,Mid,Sales,Clerk,5,10,3,35,1,8,7.18889442,8.160680517,0,4,Part-time,Rural,Medium,2,66187.71104
26,24,Masters,Junior,Sales,Engineer,2,9,7,51,4,6,3.928952253,1.646953527,0,3,Full-time,Rural,Large,1,80620.29648
32,9,PhD,Senior,Finance,Analyst,1,13,6,50,4,2,2.842334869,1.768498895,0,4,Part-time,Urban,Medium,3,68734.53354
49,3,Masters,Senior,Finance,Engineer,2,13,8,47,19,14,8.515475772,1.153441904,8,3,Part-time,Rural,Medium,1,45598.60606
34,28,PhD,Junior,HR,Clerk,3,17,9,38,18,3,4.434546751,8.88304516,3,0,Full-time,Urban,Small,3,100393.2009
48,9,Bachelors,Junior,HR,Analyst,5,12,0,55,14,4,9.87186542,1.233895005,6,2,Full-time,Semi-Urban,Large,4,77260.53943
30,16,Masters,Senior,Sales,Engineer,2,14,8,37,18,9,2.505524708,6.648829439,2,1,Part-time,Urban,Medium,4,82874.12003
21,10,Masters,Mid,IT,Clerk,4,18,6,46,10,4,5.521568666,6.36104205,8,0,Contract,Rural,Medium,4,94523.81913
46,20,Bachelors,Senior,Finance,Manager,2,10,9,46,12,1,1.250143152,5.030340682,1,0,Part-time,Semi-Urban,Large,3,74045.55197
26,19,Bachelors,Junior,HR,Manager,4,13,3,35,18,8,9.262659019,9.06848616,2,1,Part-time,Semi-Urban,Large,2,91586.84241
25,9,PhD,Senior,HR,Analyst,1,1,6,53,2,7,6.149214741,2.481712673,4,1,Part-time,Rural,Large,5,72750.26995
45,0,Bachelors,Mid,IT,Clerk,4,15,0,31,18,2,2.367687856,7.969801917,5,1,Contract,Rural,Small,5,54365.45016
44,29,PhD,Senior,HR,Clerk,2,9,6,49,13,2,2.374385206,9.185382988,9,3,Full-time,Urban,Large,3,120428.8448
44,15,Masters,Junior,Sales,Manager,5,19,6,47,1,9,1.724119065,9.721098492,9,0,Contract,Rural,Large,5,79884.43726
33,21,PhD,Senior,Finance,Engineer,2,6,5,56,9,8,6.296772001,5.76114237,5,3,Full-time,Urban,Medium,4,94857.14285
43,19,Bachelors,Senior,HR,Clerk,1,6,1,43,1,1,9.27313904,4.516912527,7,3,Part-time,Urban,Large,1,101754.4341
33,16,Bachelors,Senior,Finance,Engineer,1,1,2,41,0,2,5.429570881,8.666691132,3,0,Part-time,Rural,Medium,4,77785.60024
29,2,Masters,Mid,Finance,Engineer,5,11,3,30,12,8,6.617697504,6.441876246,1,3,Part-time,Semi-Urban,Medium,2,53485.949
22,15,Bachelors,Junior,IT,Engineer,5,2,6,47,18,10,4.896770332,8.786507805,5,4,Part-time,Semi-Urban,Medium,5,93725.5797
40,18,Masters,Senior,Sales,Analyst,4,1,3,44,4,5,1.421983481,2.643267182,6,0,Full-time,Urban,Medium,4,101624.9041
47,3,Masters,Mid,HR,Analyst,2,9,9,46,7,3,1.605501759,4.919712212,9,3,Contract,Semi-Urban,Large,3,61784.15641
32,18,PhD,Mid,Finance,Manager,2,8,2,46,15,1,8.317461669,1.582797689,6,2,Full-time,Semi-Urban,Large,1,92230.8189
22,26,Bachelors,Junior,Finance,Clerk,5,4,1,52,6,11,1.67302596,4.112754269,4,0,Part-time,Rural,Small,3,114691.3311
43,21,Bachelors,Mid,Sales,Engineer,2,9,4,39,11,10,6.166889456,1.262502612,4,1,Full-time,Semi-Urban,Large,3,88443.89259
35,2,PhD,Junior,Finance,Analyst,3,5,2,55,9,8,6.386020516,2.732435628,5,2,Part-time,Semi-Urban,Small,3,59399.94327
22,23,Masters,Senior,HR,Engineer,3,8,0,58,8,11,2.95308713,7.910299697,9,1,Part-time,Rural,Medium,5,100551.4468
30,24,PhD,Mid,Sales,Manager,5,14,4,54,8,14,2.94038485,7.55836775,3,4,Contract,Urban,Small,1,96799.42615
21,8,Bachelors,Senior,HR,Clerk,5,5,6,30,2,6,2.432978518,1.867068826,2,3,Contract,Rural,Large,1,79576.46111
45,26,PhD,Junior,Sales,Analyst,3,3,4,52,7,7,5.161135602,3.691446442,5,0,Contract,Semi-Urban,Medium,5,94991.87133
36,9,Bachelors,Senior,Sales,Manager,4,2,2,44,7,4,4.508147219,9.981973622,5,2,Part-time,Urban,Medium,5,95470.51557
25,1,PhD,Mid,IT,Clerk,3,16,3,31,16,5,6.197173298,1.94624702,7,4,Full-time,Rural,Large,2,52068.66972
52,0,PhD,Mid,Sales,Analyst,5,16,5,30,12,3,9.804372629,4.326241775,6,0,Contract,Semi-Urban,Small,1,53211.86276
29,22,Masters,Mid,Sales,Clerk,5,11,1,57,8,6,1.936899382,8.529514661,1,2,Full-time,Rural,Medium,3,97633.31697
40,20,Masters,Junior,HR,Analyst,5,13,9,35,7,1,5.65040829,7.337643818,2,0,Full-time,Urban,Small,2,105400.5809
43,2,Masters,Junior,IT,Analyst,1,14,6,32,7,2,3.772832166,6.33284714,3,2,Part-time,Urban,Medium,2,47903.24873
44,11,Bachelors,Senior,Finance,Clerk,4,3,6,37,4,2,4.3935093,4.986225961,3,2,Full-time,Semi-Urban,Small,3,76353.98045
46,6,Masters,Senior,IT,Analyst,5,11,9,45,8,6,6.172612048,3.047190487,5,0,Full-time,Rural,Large,4,81211.24063
22,12,PhD,Mid,IT,Manager,5,10,7,33,14,1,5.611802706,2.377097597,4,2,Contract,Rural,Small,5,94741.31982
50,7,Masters,Mid,HR,Analyst,4,17,1,39,19,13,2.144753909,2.314919988,1,4,Full-time,Semi-Urban,Small,3,50943.65789
24,16,PhD,Senior,IT,Engineer,1,2,2,57,12,14,2.94978094,1.723624307,8,2,Part-time,Semi-Urban,Medium,4,70877.13011
55,7,Bachelors,Junior,Finance,Manager,3,1,2,59,3,11,7.174794071,3.866120139,0,1,Contract,Semi-Urban,Large,5,74161.13824
49,28,PhD,Senior,IT,Engineer,1,3,6,48,18,13,4.051615276,2.042141382,6,2,Full-time,Semi-Urban,Medium,1,96472.18494
51,25,Masters,Senior,IT,Clerk,4,17,8,44,12,12,4.261876495,7.316728585,8,1,Full-time,Urban,Large,3,104195.9508
34,2,Masters,Junior,Sales,Analyst,2,4,2,52,14,14,2.748364426,3.26169804,5,2,Contract,Urban,Medium,1,41862.40207
25,4,Masters,Senior,Finance,Manager,1,17,0,49,0,9,6.753276008,6.645221612,4,0,Part-time,Urban,Small,5,63566.54194
21,17,Masters,Mid,Finance,Analyst,3,18,8,39,13,2,1.440099394,1.422264027,8,2,Full-time,Rural,Large,1,89728.81623
32,14,Bachelors,Mid,Sales,Engineer,5,11,6,48,13,5,7.295706153,4.983092501,8,0,Full-time,Urban,Large,1,83227.41715
24,24,Bachelors,Mid,Finance,Analyst,4,11,2,43,14,7,7.602303655,7.722669797,4,2,Full-time,Urban,Large,2,114036.5074
56,16,Bachelors,Mid,Finance,Analyst,2,4,9,34,6,3,6.645310599,3.564770517,7,2,Part-time,Semi-Urban,Medium,4,97797.03522
45,19,Bachelors,Mid,Sales,Manager,2,15,0,32,12,3,8.494139347,2.454671194,2,4,Part-time,Urban,Medium,3,104949.7448
26,22,Masters,Junior,IT,Clerk,4,17,1,44,19,9,6.594911173,9.971953685,7,0,Contract,Urban,Large,5,120909.2556
42,26,Masters,Junior,IT,Clerk,1,16,7,39,11,13,7.079470695,9.986797456,4,3,Full-time,Semi-Urban,Small,2,118258.6276
48,23,Bachelors,Senior,Sales,Analyst,3,3,7,44,6,6,1.138981923,3.859071299,2,3,Part-time,Rural,Medium,3,94774.86748
48,4,Masters,Mid,Finance,Engineer,4,7,9,57,13,5,3.07813625,1.347947106,9,4,Full-time,Urban,Large,3,46252.67278
24,13,Masters,Senior,Sales,Analyst,3,16,0,38,15,6,5.464051569,9.846390345,1,1,Part-time,Rural,Large,4,79999.71998
37,5,Bachelors,Junior,HR,Engineer,5,6,5,37,12,12,2.422863056,9.926000225,2,3,Part-time,Rural,Medium,2,68190.06333
36,0,Masters,Junior,Finance,Engineer,2,2,9,32,19,11,4.723933345,7.973367266,9,1,Part-time,Rural,Large,5,70202.97406
56,6,Masters,Mid,HR,Engineer,3,4,6,54,8,1,2.490966656,4.153046252,5,0,Part-time,Rural,Medium,1,56504.62216
55,25,PhD,Junior,HR,Manager,4,6,6,47,11,9,5.31100931,2.148150814,8,1,Full-time,Semi-Urban,Small,2,90458.79029
38,10,PhD,Junior,IT,Manager,1,10,6,37,7,12,6.195834777,5.578170141,0,1,Contract,Semi-Urban,Large,4,79245.63895
31,12,Masters,Senior,Sales,Engineer,2,9,9,56,1,10,5.181523408,9.858816481,4,0,Contract,Rural,Medium,2,95518.10318
58,28,PhD,Senior,IT,Manager,4,2,9,36,11,11,8.218634838,7.090569745,7,2,Full-time,Rural,Large,5,133596.3185
36,18,Masters,Mid,HR,Manager,3,13,6,53,0,2,6.641045576,1.837833525,8,2,Full-time,Semi-Urban,Large,3,98635.44581
50,3,Masters,Junior,Finance,Analyst,2,19,8,30,3,6,7.982277525,8.644853831,5,4,Full-time,Urban,Large,1,62997.10212
32,23,Masters,Senior,Sales,Analyst,2,16,1,37,0,12,5.987589483,6.035535075,5,0,Full-time,Urban,Large,5,85716.23157
42,21,Bachelors,Senior,HR,Engineer,4,17,9,44,5,13,4.696668627,9.122968964,3,1,Full-time,Rural,Small,1,92637.23138
42,2,Bachelors,Mid,Sales,Manager,4,12,7,33,1,12,7.437125138,4.910552616,4,4,Contract,Rural,Medium,4,49532.78828
49,4,Bachelors,Senior,HR,Analyst,1,15,1,32,6,11,8.722735475,3.555157688,7,1,Part-time,Rural,Small,5,69126.9247
40,6,PhD,Senior,IT,Analyst,1,10,9,51,10,14,3.369930783,3.716000313,0,4,Part-time,Urban,Medium,1,61775.13116
46,25,Bachelors,Mid,IT,Engineer,2,4,8,42,7,10,6.477867853,3.394342814,2,4,Part-time,Urban,Large,2,92125.07923
45,18,PhD,Mid,Finance,Clerk,3,12,9,33,16,4,2.326840844,2.121963438,9,4,Full-time,Rural,Small,5,83162.19697
55,11,Bachelors,Senior,Sales,Engineer,4,19,6,56,10,5,4.7122509,4.477901082,7,3,Part-time,Rural,Medium,5,83356.7322
55,2,Masters,Mid,Sales,Clerk,2,9,0,41,1,12,3.491763672,4.40547969,8,2,Full-time,Semi-Urban,Large,2,41523.3393
27,3,PhD,Senior,Sales,Manager,5,7,8,31,18,12,6.417047545,5.618502914,0,0,Full-time,Semi-Urban,Large,5,67979.25104
24,1,Masters,Mid,HR,Manager,3,18,3,45,7,5,5.195515697,5.187672217,8,4,Full-time,Semi-Urban,Small,2,57747.72236
45,11,PhD,Junior,IT,Manager,1,3,3,45,17,2,2.661476691,6.81402972,7,0,Full-time,Urban,Large,2,78694.31235
54,29,Bachelors,Junior,HR,Analyst,4,10,6,36,2,10,6.078664282,2.349630547,0,2,Part-time,Urban,Small,5,119074.2209
36,27,Bachelors,Junior,Finance,Manager,4,6,6,52,19,4,2.547081884,3.910903745,6,1,Part-time,Urban,Medium,5,107000.1664
33,6,PhD,Junior,IT,Clerk,4,13,1,48,10,12,2.800110376,9.991587513,9,3,Part-time,Rural,Small,3,72728.01539
58,21,Masters,Senior,IT,Analyst,5,8,8,56,4,10,3.666481368,7.181619954,1,0,Full-time,Rural,Medium,4,94994.42531
45,1,PhD,Senior,Finance,Engineer,5,10,3,49,16,1,7.150431781,9.573933814,5,1,Full-time,Urban,Large,1,70886.15236
51,7,Bachelors,Senior,IT,Engineer,5,1,7,51,2,11,9.351654896,8.527303455,6,2,Full-time,Semi-Urban,Large,2,76416.41904
27,2,Masters,Junior,IT,Analyst,5,5,2,55,12,10,1.678946581,6.324302925,0,1,Part-time,Rural,Large,3,51401.11009
26,26,Masters,Senior,IT,Manager,3,8,0,46,11,2,8.886946109,4.403140791,5,0,Full-time,Semi-Urban,Small,2,100779.7151
34,1,Masters,Senior,IT,Clerk,4,6,3,47,5,9,6.322343914,9.590883655,5,1,Part-time,Urban,Small,2,51899.4043
25,4,Masters,Mid,Sales,Engineer,5,5,9,38,16,9,2.697264322,6.042316373,4,2,Part-time,Urban,Large,3,70389.04397
58,29,Masters,Senior,HR,Manager,5,11,8,48,5,10,8.468222079,4.771477846,2,0,Full-time,Rural,Small,5,125430.9955
28,15,PhD,Junior,HR,Clerk,1,11,1,32,8,4,3.716024259,2.915563316,7,2,Contract,Semi-Urban,Small,4,80767.70024
37,11,Bachelors,Junior,Sales,Analyst,1,19,6,45,14,14,2.290893676,5.92353259,8,2,Part-time,Urban,Small,5,76125.13278
55,14,PhD,Senior,Finance,Analyst,3,9,1,49,16,4,6.419333729,2.887663406,2,2,Part-time,Urban,Medium,5,83143.52982
36,22,Bachelors,Junior,Sales,Engineer,5,11,9,41,9,4,3.555836943,8.946620221,7,4,Full-time,Semi-Urban,Medium,2,98887.78121
43,10,Bachelors,Senior,Sales,Engineer,2,16,7,34,9,3,2.474546489,5.274242072,6,3,Part-time,Rural,Medium,1,83240.63698
27,23,Masters,Mid,IT,Clerk,2,3,4,42,5,11,7.972423504,4.965613616,5,0,Full-time,Rural,Small,3,93128.15984
45,22,PhD,Mid,HR,Engineer,2,14,1,37,13,7,4.458328967,5.377547722,0,4,Full-time,Urban,Large,5,88530.38623
48,15,Masters,Senior,Finance,Manager,4,14,4,47,0,13,7.126727427,4.356866868,9,2,Contract,Urban,Small,2,77297.96767
37,18,Bachelors,Junior,Finance,Clerk,4,2,0,41,15,5,5.81246795,3.757759891,7,3,Part-time,Urban,Large,4,99234.77982
22,26,Bachelors,Junior,IT,Engineer,1,9,9,47,6,14,8.841642942,2.120319207,5,1,Part-time,Semi-Urban,Small,3,114815.026
40,1,PhD,Junior,IT,Analyst,3,2,6,50,13,10,5.330083824,9.583490907,2,4,Contract,Rural,Small,1,63939.27291
57,15,Bachelors,Mid,IT,Manager,4,11,6,47,10,1,2.50701409,5.042276684,3,3,Full-time,Semi-Urban,Medium,1,86709.74611
43,9,Bachelors,Junior,Sales,Engineer,2,14,9,30,1,14,3.955506545,5.879851263,9,3,Part-time,Urban,Small,4,84420.32806
52,14,PhD,Junior,IT,Analyst,1,17,1,59,17,11,9.862037065,8.282732053,3,1,Part-time,Semi-Urban,Medium,2,95516.31553
44,25,PhD,Mid,HR,Analyst,1,7,8,58,5,12,7.529104182,5.790396789,6,4,Part-time,Urban,Large,5,101745.5803
46,26,Bachelors,Mid,IT,Analyst,2,4,8,56,8,3,5.674066829,5.213737137,5,0,Part-time,Urban,Medium,4,101127.5514
24,8,PhD,Senior,IT,Engineer,3,6,7,56,19,6,9.282809134,5.316371544,5,4,Full-time,Semi-Urban,Small,4,71944.45499
35,14,Masters,Junior,HR,Engineer,1,19,9,35,13,13,7.275041884,7.485768273,0,4,Full-time,Urban,Small,3,69277.96381
49,26,Bachelors,Senior,Finance,Engineer,4,17,1,40,5,11,4.154839679,7.276017327,4,3,Full-time,Rural,Medium,2,117251.0605
42,1,Bachelors,Senior,IT,Engineer,2,5,0,32,16,13,1.929466118,1.490882234,3,4,Full-time,Semi-Urban,Medium,1,56891.5248
47,9,Masters,Mid,IT,Clerk,1,3,0,54,7,2,6.61891245,2.727342072,4,3,Contract,Semi-Urban,Small,2,67753.72294
37,29,PhD,Mid,Finance,Analyst,2,9,6,36,2,13,8.140049058,2.784758279,9,4,Part-time,Semi-Urban,Small,5,100995.759
28,11,PhD,Junior,Sales,Engineer,5,12,4,33,14,3,1.985910248,5.023872286,8,1,Full-time,Rural,Large,4,69443.55699
29,28,PhD,Senior,IT,Analyst,3,2,9,30,6,7,5.003917063,3.666449412,9,0,Full-time,Semi-Urban,Small,4,108891.6564
54,19,Masters,Junior,IT,Clerk,1,4,4,37,8,10,4.723238967,7.87743138,6,0,Full-time,Urban,Medium,2,76318.15662
32,14,PhD,Mid,Sales,Analyst,2,9,1,41,15,2,6.136263391,7.159643286,7,2,Full-time,Rural,Medium,1,97572.83533
30,21,Bachelors,Mid,HR,Manager,5,4,0,54,17,9,7.553821414,5.151107709,7,3,Part-time,Rural,Medium,2,120411.1507
36,27,Bachelors,Senior,Finance,Clerk,2,18,9,35,8,1,6.205779531,7.781422374,5,2,Contract,Semi-Urban,Large,2,108761.4864
57,7,Bachelors,Mid,Sales,Clerk,1,2,7,47,17,3,4.654982469,3.839639537,0,1,Contract,Urban,Small,4,46433.54991
48,14,Bachelors,Mid,HR,Manager,1,4,3,37,17,11,1.635424561,9.87769007,6,1,Full-time,Urban,Large,2,71340.65265
46,25,Bachelors,Mid,HR,Clerk,5,2,8,42,15,4,5.987560938,6.999757618,3,1,Contract,Rural,Small,5,115012.2701
46,2,Bachelors,Mid,IT,Manager,3,3,2,39,4,9,8.06381227,6.053601513,1,3,Contract,Urban,Medium,5,54061.13409
21,11,Bachelors,Junior,Finance,Engineer,5,12,6,36,15,5,7.196147338,9.239637731,4,4,Contract,Semi-Urban,Large,2,80453.71261
23,2,PhD,Senior,HR,Clerk,5,1,1,37,10,2,2.244037869,9.717595762,6,0,Contract,Urban,Small,2,63044.15278
44,16,Bachelors,Junior,IT,Engineer,5,18,9,42,12,7,6.27531732,9.457339719,5,2,Full-time,Semi-Urban,Medium,3,109010.125
48,14,PhD,Mid,IT,Manager,2,11,8,40,19,5,2.297468663,2.091010505,8,4,Part-time,Urban,Small,1,74459.68127
51,29,Bachelors,Senior,Finance,Manager,2,5,3,36,11,14,8.414394883,9.301310681,1,3,Part-time,Rural,Small,4,127968.9677
31,13,PhD,Mid,HR,Clerk,3,13,8,52,2,8,6.557704969,1.066477957,3,0,Full-time,Urban,Large,3,82322.47852
29,21,Bachelors,Junior,Finance,Manager,5,6,9,57,12,11,6.106541795,2.673031288,8,2,Part-time,Semi-Urban,Medium,1,90024.17934
58,17,Bachelors,Junior,HR,Manager,1,6,8,54,5,1,5.675067185,3.543917307,9,3,Contract,Rural,Large,4,69022.76795
26,1,Bachelors,Senior,IT,Clerk,3,8,9,36,12,3,2.623104955,1.501300003,2,2,Part-time,Urban,Small,3,53037.66496
44,27,PhD,Senior,HR,Clerk,1,8,8,52,14,4,9.918465337,4.085191815,6,0,Full-time,Semi-Urban,Large,1,110404.6955
41,6,Bachelors,Senior,Sales,Manager,2,8,2,46,7,9,4.695557862,8.096600553,5,4,Part-time,Rural,Medium,3,73916.47853
41,8,Masters,Mid,Sales,Manager,3,18,4,37,1,5,7.967351462,5.394132315,6,4,Full-time,Rural,Small,4,87418.31024
34,13,PhD,Junior,Finance,Engineer,5,14,7,55,14,8,1.952535649,5.901315618,9,2,Full-time,Rural,Medium,5,82579.11439
51,21,Masters,Junior,HR,Engineer,4,7,2,57,3,9,7.460019853,6.070054748,1,0,Part-time,Urban,Medium,1,100561.0856
53,19,Masters,Mid,HR,Clerk,4,19,0,55,11,3,7.345488464,8.839021288,0,2,Full-time,Rural,Small,1,97581.31401
27,21,PhD,Junior,IT,Engineer,5,13,3,57,3,8,2.485308459,3.436619224,4,4,Part-time,Rural,Small,3,100967.2515
41,27,Masters,Senior,HR,Clerk,2,8,3,57,17,4,8.49835248,8.934492759,5,0,Contract,Semi-Urban,Small,1,112080.7438
33,26,PhD,Mid,Finance,Manager,3,14,1,53,3,11,7.556814045,2.036093784,4,2,Part-time,Urban,Medium,2,92308.12659
57,14,Bachelors,Senior,IT,Manager,4,3,9,40,9,10,7.716592692,8.414387848,9,2,Contract,Rural,Large,4,103393.8581
52,8,Bachelors,Senior,Sales,Analyst,3,8,7,35,18,11,3.97115801,3.870881983,7,1,Part-time,Urban,Medium,4,75173.21639
30,6,PhD,Mid,IT,Engineer,5,12,9,56,8,11,6.019136852,9.140243547,8,0,Part-time,Urban,Small,3,82725.42911
42,3,PhD,Mid,IT,Clerk,5,10,2,50,12,13,3.945687866,8.446224015,3,3,Part-time,Rural,Small,5,64396.15668
26,26,Masters,Mid,Sales,Clerk,1,17,0,41,5,12,7.150920329,5.123772966,4,4,Part-time,Urban,Large,2,114986.4479
55,24,Bachelors,Mid,HR,Clerk,4,16,0,54,8,13,4.999186425,1.678550852,8,3,Part-time,Urban,Small,2,89578.44745
25,12,Bachelors,Junior,Sales,Engineer,1,9,5,42,2,5,3.158858606,5.432153488,7,2,Full-time,Semi-Urban,Small,3,60835.44279
28,4,Masters,Junior,IT,Engineer,1,17,0,52,1,10,3.84293642,6.406888805,5,2,Contract,Urban,Small,1,64479.20299
30,6,Masters,Junior,Finance,Engineer,5,19,9,34,1,11,6.868990199,7.251590919,5,0,Contract,Urban,Medium,3,73879.8993
48,1,Masters,Junior,Finance,Analyst,1,17,4,35,12,2,5.393269731,3.943188991,0,4,Part-time,Rural,Large,1,45302.09652
57,24,Masters,Mid,HR,Engineer,2,7,2,31,10,12,7.548238492,4.775470609,1,2,Full-time,Urban,Medium,1,91726.80322
38,16,PhD,Junior,Finance,Engineer,3,15,3,36,7,2,1.911740704,9.682937689,5,2,Contract,Semi-Urban,Small,1,96437.26593
53,23,Masters,Senior,Sales,Analyst,3,19,5,41,11,10,4.224973684,5.544575725,6,3,Contract,Rural,Small,2,86966.46455
55,25,Bachelors,Senior,HR,Engineer,2,6,4,46,3,12,6.651480695,5.482468354,7,1,Full-time,Rural,Medium,5,115306.4427
30,0,Masters,Senior,Finance,Engineer,1,5,2,50,13,2,8.567451278,1.140016982,9,2,Part-time,Rural,Large,1,49403.47166
41,22,Bachelors,Senior,Finance,Manager,2,7,3,40,15,12,8.602502805,8.123280108,0,3,Part-time,Urban,Large,4,118037.4389
39,20,Masters,Junior,Sales,Clerk,2,17,2,42,17,7,2.275024105,2.22677942,7,1,Contract,Rural,Large,1,72070.15941
30,4,Masters,Senior,Sales,Analyst,4,8,3,45,14,10,1.824052034,6.477917644,3,4,Contract,Urban,Medium,5,53118.55321
55,8,PhD,Mid,Sales,Clerk,1,2,6,32,13,7,1.725894503,1.348260435,5,0,Full-time,Urban,Medium,3,62926.80703
40,16,Bachelors,Mid,HR,Manager,5,9,2,45,7,10,2.066054945,8.905218897,7,0,Contract,Urban,Large,1,108809.3176
33,5,PhD,Mid,Sales,Clerk,5,3,4,53,10,7,2.64372239,8.366868808,5,2,Part-time,Urban,Medium,2,74801.96496
50,24,Masters,Mid,IT,Analyst,4,8,5,47,6,13,5.993978501,1.394019696,6,3,Full-time,Rural,Small,5,106390.8021
36,23,Masters,Mid,HR,Engineer,4,1,4,36,17,12,6.626758426,8.686868744,3,4,Part-time,Urban,Medium,1,116050.0009
51,24,PhD,Junior,Finance,Manager,2,13,9,44,9,3,4.851663876,4.251013691,6,2,Full-time,Semi-Urban,Large,3,90425.8803
40,12,Masters,Senior,Sales,Clerk,4,7,9,58,6,13,5.944319492,4.632325007,2,0,Full-time,Semi-Urban,Large,5,95098.1095
39,1,Masters,Mid,Sales,Clerk,3,6,3,30,14,8,2.332922856,5.597170662,9,1,Part-time,Rural,Medium,3,69322.52765
28,5,Masters,Mid,IT,Engineer,3,5,8,45,19,10,7.029439351,4.549756335,9,4,Contract,Urban,Medium,5,59435.14695
53,16,Bachelors,Mid,Finance,Analyst,1,18,1,45,5,11,9.218042515,1.801527645,7,3,Full-time,Urban,Small,2,68236.87569
25,29,Masters,Mid,Sales,Manager,1,17,5,54,4,11,3.46919342,9.702490885,6,3,Full-time,Urban,Large,5,104108.1825
38,18,Bachelors,Mid,HR,Manager,3,10,9,53,10,1,4.8230887,7.98191795,1,0,Part-time,Semi-Urban,Large,4,94901.39024
26,9,Masters,Mid,IT,Manager,4,17,0,34,2,3,5.150369608,7.926978205,2,2,Contract,Urban,Large,4,82637.74345
21,21,Bachelors,Junior,Finance,Engineer,3,9,6,58,7,12,1.589989171,5.713641799,9,3,Full-time,Urban,Large,2,93665.35933
27,8,PhD,Senior,Finance,Manager,3,19,8,41,11,13,3.415747497,2.902996612,1,1,Contract,Rural,Large,1,52745.34343
46,26,Masters,Mid,Finance,Manager,1,11,9,32,4,14,3.09047495,3.923591202,8,0,Contract,Urban,Medium,3,107683.7844
41,5,Bachelors,Mid,Sales,Manager,4,19,9,36,11,8,3.236978727,8.678019902,4,0,Contract,Rural,Large,2,68355.60261
38,4,Bachelors,Senior,Finance,Engineer,4,16,5,41,4,2,4.226537789,5.213150149,3,1,Full-time,Semi-Urban,Large,1,60926.31797
27,21,PhD,Junior,IT,Clerk,3,12,7,59,10,9,1.103532532,2.247633604,8,1,Part-time,Rural,Medium,1,87762.69286
29,13,PhD,Senior,Sales,Analyst,1,18,8,52,10,5,9.064508762,3.738848377,2,1,Full-time,Urban,Medium,4,71321.12681
23,10,Bachelors,Senior,Finance,Clerk,1,14,0,51,5,9,2.74618569,4.333806375,0,0,Contract,Rural,Small,3,58872.75334
28,27,PhD,Junior,Sales,Clerk,2,15,9,51,15,13,7.783013448,9.255549063,1,3,Contract,Urban,Medium,4,124769.6723
42,7,PhD,Senior,IT,Analyst,4,9,2,37,18,3,5.565417315,8.836824487,7,3,Full-time,Rural,Large,1,87770.6067
31,18,Bachelors,Junior,Sales,Manager,1,19,5,38,15,13,3.776204562,5.791128767,8,2,Full-time,Rural,Large,1,75057.55908
42,20,Masters,Mid,Sales,Clerk,2,8,0,49,9,5,3.423082989,7.255237163,6,0,Part-time,Semi-Urban,Large,5,103827.3676
29,19,PhD,Senior,Sales,Manager,4,14,3,41,19,2,1.273690399,7.978379513,3,3,Full-time,Urban,Small,3,82419.74581
41,21,PhD,Mid,HR,Analyst,4,6,6,30,19,7,7.981610536,6.579058558,3,4,Part-time,Rural,Large,5,113084.4808
40,18,Masters,Junior,HR,Clerk,4,13,3,43,11,6,8.988697028,8.694290643,1,1,Full-time,Urban,Large,2,115097.8458
35,11,Bachelors,Mid,Finance,Manager,5,18,7,40,13,5,9.058329828,1.040926063,8,1,Full-time,Urban,Medium,1,75766.4411
50,26,Bachelors,Junior,Sales,Clerk,2,10,5,44,16,7,9.283452357,8.345527235,4,2,Part-time,Semi-Urban,Medium,2,114413.085
24,0,Bachelors,Senior,Finance,Engineer,5,3,3,56,15,13,6.810242437,4.927811725,7,1,Part-time,Semi-Urban,Small,2,52284.61651
45,14,Masters,Mid,Finance,Clerk,3,4,8,58,19,12,7.035704694,2.755636741,2,3,Full-time,Rural,Medium,2,85449.46878
32,18,Masters,Junior,Sales,Manager,4,13,6,55,11,7,8.967906218,3.891810228,9,4,Full-time,Urban,Medium,5,102194.0785
52,27,Bachelors,Mid,HR,Analyst,2,14,6,31,1,13,8.348200215,1.872550552,0,3,Full-time,Urban,Small,5,110337.2609
26,25,Masters,Junior,HR,Manager,2,2,4,54,5,7,2.361405792,3.741892835,6,2,Full-time,Rural,Small,4,83386.67719
31,15,Bachelors,Mid,Finance,Manager,2,3,9,44,1,1,8.985886987,2.728707275,5,2,Contract,Rural,Large,2,77414.33572
25,8,PhD,Senior,Sales,Clerk,2,5,2,37,7,9,7.88642111,2.691148388,5,3,Contract,Semi-Urban,Small,1,62746.79918
51,18,Bachelors,Senior,IT,Engineer,1,19,7,41,16,1,5.758167377,8.479403028,4,4,Part-time,Urban,Medium,2,93756.45101
37,4,PhD,Mid,Sales,Engineer,1,4,9,59,14,1,1.173124636,2.338009682,3,0,Contract,Urban,Medium,4,37920.73625
25,25,Masters,Junior,Finance,Clerk,1,7,4,35,3,9,6.681479891,3.824218862,8,1,Full-time,Urban,Large,2,103581.5425
26,19,PhD,Mid,Sales,Clerk,1,15,7,33,12,5,5.02881131,3.495473495,3,2,Full-time,Rural,Medium,4,70968.3795
35,20,Bachelors,Junior,IT,Analyst,1,7,3,32,16,6,5.616557548,4.725041252,2,0,Part-time,Rural,Small,2,84783.60705
51,0,PhD,Senior,HR,Engineer,3,15,8,34,15,5,1.542859777,7.557456294,8,0,Contract,Semi-Urban,Small,4,46575.80733
54,5,PhD,Senior,IT,Engineer,2,12,0,35,7,1,5.138956689,2.678842462,3,3,Full-time,Semi-Urban,Large,4,44976.56764
29,6,PhD,Mid,Sales,Engineer,4,7,9,57,18,13,1.560751568,4.618225152,2,3,Part-time,Rural,Small,1,80215.62175
52,5,Masters,Mid,Finance,Analyst,2,4,7,46,6,1,3.950222875,4.750922255,3,2,Contract,Rural,Large,4,50233.32958
53,17,Masters,Mid,Finance,Analyst,3,16,4,32,3,12,8.83770211,5.83560946,6,2,Part-time,Rural,Small,2,91829.43346
43,21,Masters,Mid,Finance,Analyst,2,14,8,57,4,4,1.93487888,8.09150191,4,1,Full-time,Rural,Large,1,90067.68117
50,7,Masters,Senior,Sales,Clerk,5,12,2,33,8,8,6.75060754,1.291499442,8,1,Part-time,Rural,Medium,1,82611.40687
31,12,Bachelors,Junior,HR,Engineer,4,13,8,54,14,8,1.233614938,3.953010254,2,4,Contract,Urban,Medium,5,62649.22724
23,15,PhD,Junior,HR,Clerk,2,14,3,48,12,13,1.673129765,7.058181882,3,2,Part-time,Semi-Urban,Medium,5,86989.94802
43,13,PhD,Mid,Finance,Analyst,5,5,8,42,5,2,2.608340934,8.566991116,6,1,Contract,Semi-Urban,Large,1,98680.73027
34,1,Bachelors,Junior,Finance,Manager,4,14,4,54,13,6,6.216469584,9.757815533,0,2,Contract,Semi-Urban,Small,2,81686.84822
22,21,Bachelors,Mid,Sales,Analyst,3,2,3,50,11,5,9.654738093,3.929921663,8,4,Contract,Urban,Medium,3,92730.64409
35,23,Bachelors,Senior,IT,Analyst,4,9,1,50,4,1,9.264279208,5.668995104,8,2,Part-time,Rural,Small,3,123767.0733
32,10,Masters,Mid,IT,Manager,5,19,1,59,7,9,7.411196271,5.739356101,6,4,Part-time,Urban,Large,3,79724.42359
47,0,Masters,Junior,HR,Analyst,2,13,1,34,6,4,2.558646712,4.489785638,7,2,Contract,Semi-Urban,Medium,2,63339.38948
23,3,Bachelors,Junior,IT,Engineer,5,12,5,35,8,5,6.558703533,7.652723798,8,0,Full-time,Semi-Urban,Large,5,64224.97209
30,10,PhD,Senior,IT,Manager,2,2,9,33,13,5,2.117229167,9.877912737,7,2,Full-time,Rural,Large,4,75140.72445
58,27,Bachelors,Mid,Finance,Manager,1,11,7,31,16,6,4.012796695,2.845185329,4,1,Contract,Urban,Large,5,88511.01909
56,16,Bachelors,Mid,HR,Manager,5,8,3,40,3,4,4.266143965,9.156857265,5,2,Part-time,Rural,Large,2,99380.37268
48,12,Bachelors,Junior,Finance,Engineer,4,19,6,33,3,9,8.505803365,4.747241356,8,0,Part-time,Urban,Large,4,78879.49299
40,26,Bachelors,Junior,Sales,Clerk,4,2,7,33,7,11,9.418315267,8.976063231,5,3,Part-time,Rural,Medium,2,109469.5911
33,6,PhD,Junior,Finance,Clerk,3,13,6,50,14,2,8.213535964,3.949590723,5,4,Part-time,Semi-Urban,Large,5,57367.04483
42,13,PhD,Junior,Sales,Engineer,2,4,9,53,15,14,7.477351707,1.469762268,0,3,Contract,Urban,Large,4,79701.06643
49,16,Masters,Junior,Sales,Clerk,1,18,8,30,11,13,1.074557271,1.092739055,5,4,Part-time,Urban,Large,4,72843.84414
38,5,PhD,Senior,Sales,Engineer,4,6,5,41,11,14,7.464773819,2.119916118,1,4,Contract,Semi-Urban,Large,4,78902.67316
32,8,Masters,Senior,HR,Engineer,4,10,1,40,15,8,9.424122676,8.720423012,8,1,Full-time,Urban,Small,5,85147.63029
47,28,PhD,Senior,Sales,Manager,3,18,9,31,0,12,9.080996857,9.766880565,5,0,Contract,Semi-Urban,Small,4,108156.2535
26,13,Bachelors,Mid,Finance,Clerk,5,9,9,57,16,8,6.281671553,1.906372239,9,0,Part-time,Semi-Urban,Small,3,94964.31824
36,13,Bachelors,Junior,IT,Analyst,3,6,5,48,0,9,8.837100703,5.503207173,3,4,Contract,Rural,Large,5,74063.94931
54,2,PhD,Senior,HR,Manager,1,2,1,57,2,8,8.286027595,6.527359113,7,1,Contract,Rural,Small,4,68564.85853
47,22,Masters,Junior,Finance,Manager,5,14,3,45,14,7,1.252432771,7.914027755,4,0,Part-time,Semi-Urban,Small,4,106553.2661
53,25,PhD,Senior,Sales,Analyst,5,6,1,57,6,9,2.044429714,7.951111375,4,4,Full-time,Semi-Urban,Small,4,106011.7634
25,1,Bachelors,Mid,Finance,Manager,4,19,1,46,6,12,9.952870135,5.764354891,6,3,Contract,Rural,Large,5,80431.096
32,20,Bachelors,Junior,Sales,Manager,2,3,3,35,1,4,2.348000568,2.418336461,6,0,Full-time,Rural,Small,3,72887.00432
29,28,Masters,Senior,HR,Manager,5,19,5,32,3,1,2.527042486,8.320361411,4,2,Part-time,Rural,Medium,2,114971.4762
37,21,Masters,Junior,Finance,Clerk,4,4,0,42,1,12,6.122859377,9.883976076,7,2,Full-time,Urban,Medium,1,104452.6307
24,15,Bachelors,Junior,Sales,Clerk,4,7,9,32,7,3,3.246641862,7.660470651,4,4,Full-time,Semi-Urban,Medium,5,97850.20664
23,9,PhD,Mid,HR,Manager,3,17,6,54,16,5,2.777141581,1.858099202,7,2,Part-time,Urban,Small,3,61587.86062
55,15,Bachelors,Junior,HR,Manager,2,5,0,42,5,3,2.622932784,7.248853478,6,3,Contract,Urban,Large,4,89739.55696
40,4,PhD,Junior,Finance,Engineer,4,7,7,49,11,8,8.525436058,2.369503568,3,2,Contract,Urban,Medium,2,63169.84034
27,0,PhD,Mid,Finance,Analyst,2,12,9,52,4,12,7.419959911,5.116441787,4,4,Full-time,Urban,Small,5,67639.69006
41,22,Bachelors,Mid,Finance,Manager,2,16,4,57,8,3,6.211363012,6.145073515,8,3,Contract,Rural,Medium,1,108598.4512
42,22,Masters,Mid,IT,Engineer,4,19,6,34,3,5,9.239626274,8.876354885,4,3,Full-time,Rural,Small,1,103205.2521
30,6,PhD,Senior,Sales,Analyst,2,18,4,39,15,7,5.918653767,8.136402647,4,0,Full-time,Urban,Large,3,81734.33694
37,5,Bachelors,Junior,HR,Clerk,1,12,3,45,9,10,2.067196783,1.758889092,8,3,Part-time,Rural,Medium,4,54763.86369
25,4,Masters,Junior,Sales,Clerk,4,16,1,58,7,6,9.116349259,8.807959265,0,0,Full-time,Urban,Large,5,70959.90038
41,21,Masters,Junior,Finance,Analyst,1,5,4,43,8,11,2.288070553,4.049582888,6,1,Full-time,Semi-Urban,Large,5,89951.57002
45,27,Masters,Mid,Sales,Clerk,3,18,1,40,4,11,5.524392913,6.466675204,7,4,Part-time,Urban,Small,2,124511.4032
29,8,Masters,Senior,HR,Clerk,3,9,4,33,12,13,8.445968178,7.400105133,0,3,Full-time,Urban,Large,1,80866.09434
22,12,PhD,Mid,HR,Engineer,5,6,6,59,7,6,2.477768481,9.369625382,3,3,Full-time,Semi-Urban,Large,4,76980.31894
52,7,Masters,Senior,Sales,Analyst,1,14,6,42,5,3,3.623887098,2.663091035,6,0,Full-time,Urban,Medium,1,44807.59634
59,24,Bachelors,Mid,Sales,Analyst,1,6,6,52,3,8,9.253164039,7.029726573,6,3,Full-time,Semi-Urban,Medium,2,102984.8359
31,4,Bachelors,Senior,Finance,Manager,5,16,2,35,6,11,5.411095982,1.987010236,9,3,Full-time,Rural,Large,2,67805.50827
28,14,Masters,Senior,Sales,Manager,4,18,1,54,0,10,3.097397829,6.207734011,4,0,Part-time,Urban,Large,2,89627.67864
54,12,Masters,Senior,Sales,Engineer,1,7,5,43,19,9,1.446831835,2.4830835,9,2,Contract,Rural,Medium,4,53808.53203
46,19,Bachelors,Mid,HR,Manager,2,16,6,46,2,9,8.242085182,7.332846079,0,4,Part-time,Rural,Large,2,83245.50048
21,9,PhD,Junior,HR,Analyst,4,15,4,46,1,11,3.155202026,5.521065591,2,0,Full-time,Semi-Urban,Medium,2,78572.48073
42,5,Masters,Junior,IT,Engineer,5,11,7,47,16,8,4.093475718,3.009282447,8,0,Contract,Urban,Medium,2,53659.61465
26,19,Bachelors,Mid,Finance,Engineer,2,15,8,39,5,8,5.505353204,6.541387225,7,2,Part-time,Urban,Medium,5,79962.01787
34,18,Masters,Junior,HR,Manager,3,1,5,59,4,10,1.342342447,2.82106624,7,3,Part-time,Semi-Urban,Small,4,74908.62194
59,14,Masters,Junior,Sales,Clerk,3,6,5,59,4,14,1.781707409,6.126451762,1,4,Full-time,Rural,Large,3,86313.44952
48,9,Bachelors,Junior,HR,Analyst,5,2,5,46,10,11,5.392838668,4.197029315,0,4,Part-time,Urban,Medium,5,88051.27385
32,27,PhD,Senior,Sales,Analyst,1,8,4,55,0,13,5.013422449,4.636595126,8,0,Part-time,Rural,Medium,1,110410.3366
50,10,PhD,Junior,Finance,Manager,2,4,8,57,13,3,5.918406837,9.314301533,4,3,Part-time,Rural,Small,4,90100.56868
39,21,Bachelors,Senior,Sales,Manager,4,13,8,32,9,2,1.677920852,1.267325515,8,0,Full-time,Rural,Large,1,103854.7115
29,13,PhD,Junior,HR,Analyst,3,10,0,37,7,3,2.08300343,7.29703515,8,4,Contract,Semi-Urban,Large,1,90867.44561
51,28,Masters,Senior,Finance,Clerk,1,17,5,46,3,3,9.236342549,6.95788122,2,1,Full-time,Rural,Small,4,99057.80001
25,18,Masters,Senior,IT,Analyst,5,1,9,55,14,13,7.518521609,4.683557966,2,0,Full-time,Rural,Large,1,94715.79117
26,29,Masters,Junior,IT,Analyst,1,10,1,33,0,14,6.576695144,4.70258537,9,1,Contract,Urban,Small,5,115291.7976
34,5,PhD,Mid,Sales,Manager,4,18,3,36,12,11,9.92240191,7.346280667,3,1,Full-time,Urban,Large,4,62708.93871
28,21,Masters,Mid,IT,Manager,4,12,6,58,6,8,9.631163689,1.359122619,3,2,Full-time,Rural,Large,5,111467.1108
57,4,Masters,Senior,Finance,Engineer,1,18,6,50,11,7,5.981129071,2.132582251,3,3,Contract,Semi-Urban,Medium,4,68909.22777
39,16,Bachelors,Junior,IT,Clerk,4,10,5,52,11,4,5.771707568,6.371175319,4,4,Part-time,Semi-Urban,Small,4,98155.11795
52,1,Masters,Mid,Sales,Clerk,2,15,8,47,7,1,7.681199997,8.016237116,4,1,Full-time,Semi-Urban,Large,4,51450.68454
31,21,Bachelors,Mid,HR,Engineer,1,6,9,51,1,7,6.297300033,7.168184348,9,2,Full-time,Rural,Large,3,93604.12125
54,2,Bachelors,Mid,HR,Analyst,3,17,6,43,19,3,9.693154031,8.857797453,6,3,Contract,Rural,Medium,3,53645.51097
50,17,Masters,Senior,IT,Analyst,5,6,4,44,1,8,2.492211741,3.157928018,9,0,Part-time,Rural,Large,5,75468.72536
27,0,PhD,Mid,Sales,Clerk,3,19,8,37,7,11,7.735578481,5.232771432,5,0,Full-time,Urban,Small,1,59655.9042
24,17,Masters,Junior,HR,Clerk,4,3,1,41,7,11,9.890037469,3.514639563,0,4,Contract,Rural,Large,2,97656.60495
36,4,Masters,Junior,Finance,Engineer,4,8,4,33,16,11,8.146764542,6.761617403,0,1,Part-time,Urban,Medium,5,83030.70543
34,12,PhD,Senior,HR,Analyst,1,16,6,46,1,9,3.623623815,4.419688698,3,2,Contract,Urban,Small,3,71162.25025
45,1,PhD,Senior,Finance,Engineer,5,10,3,49,16,1,7.150431781,9.573933814,5,1,Full-time,Urban,Large,1,70886.15236
59,24,Bachelors,Mid,Sales,Analyst,1,6,6,52,3,8,9.253164039,7.029726573,6,3,Full-time,Semi-Urban,Medium,2,102984.8359
34,1,Masters,Senior,IT,Clerk,4,6,3,47,5,9,6.322343914,9.590883655,5,1,Part-time,Urban,Small,2,51899.4043
45,19,Bachelors,Mid,Sales,Manager,2,15,0,32,12,3,8.494139347,2.454671194,2,4,Part-time,Urban,Medium,3,104949.7448
38,18,Bachelors,Mid,HR,Manager,3,10,9,53,10,1,4.8230887,7.98191795,1,0,Part-time,Semi-Urban,Large,4,94901.39024
25,18,PhD,Junior,Finance,Analyst,1,14,0,57,4,8,4.146377091,5.233688609,3,3,Part-time,Urban,Small,2,84367.80342
45,1,PhD,Senior,Finance,Engineer,5,10,3,49,16,1,7.150431781,9.573933814,5,1,Full-time,Urban,Large,1,70886.15236
43,9,Bachelors,Junior,Sales,Engineer,2,14,9,30,1,14,3.955506545,5.879851263,9,3,Part-time,Urban,Small,4,84420.32806
51,18,Bachelors,Senior,IT,Engineer,1,19,7,41,16,1,5.758167377,8.479403028,4,4,Part-time,Urban,Medium,2,93756.45101
42,21,Bachelors,Senior,HR,Engineer,4,17,9,44,5,13,4.696668627,9.122968964,3,1,Full-time,Rural,Small,1,92637.23138
36,27,Bachelors,Junior,Finance,Manager,4,6,6,52,19,4,2.547081884,3.910903745,6,1,Part-time,Urban,Medium,5,107000.1664
41,6,Bachelors,Senior,Sales,Manager,2,8,2,46,7,9,4.695557862,8.096600553,5,4,Part-time,Rural,Medium,3,73916.47853
37,29,PhD,Mid,Finance,Analyst,2,9,6,36,2,13,8.140049058,2.784758279,9,4,Part-time,Semi-Urban,Small,5,100995.759
26,1,Bachelors,Senior,IT,Clerk,3,8,9,36,12,3,2.623104955,1.501300003,2,2,Part-time,Urban,Small,3,53037.66496
55,15,Bachelors,Junior,HR,Manager,2,5,0,42,5,3,2.622932784,7.248853478,6,3,Contract,Urban,Large,4,89739.55696
31,21,Bachelors,Mid,HR,Engineer,1,6,9,51,1,7,6.297300033,7.168184348,9,2,Full-time,Rural,Large,3,93604.12125
27,8,PhD,Senior,Finance,Manager,3,19,8,41,11,13,3.415747497,2.902996612,1,1,Contract,Rural,Large,1,52745.34343
42,5,Masters,Junior,IT,Engineer,5,11,7,47,16,8,4.093475718,3.009282447,8,0,Contract,Urban,Medium,2,53659.61465
52,8,Bachelors,Senior,Sales,Analyst,3,8,7,35,18,11,3.97115801,3.870881983,7,1,Part-time,Urban,Medium,4,75173.21639
50,4,PhD,Senior,IT,Analyst,3,18,2,52,16,6,1.819101052,6.629823813,9,4,Part-time,Urban,Medium,5,59604.88963
32,20,Bachelors,Junior,Sales,Manager,2,3,3,35,1,4,2.348000568,2.418336461,6,0,Full-time,Rural,Small,3,72887.00432
30,10,PhD,Senior,IT,Manager,2,2,9,33,13,5,2.117229167,9.877912737,7,2,Full-time,Rural,Large,4,75140.72445
30,24,PhD,Mid,Sales,Manager,5,14,4,54,8,14,2.94038485,7.55836775,3,4,Contract,Urban,Small,1,96799.42615
46,6,Masters,Senior,IT,Analyst,5,11,9,45,8,6,6.172612048,3.047190487,5,0,Full-time,Rural,Large,4,81211.24063
57,24,Masters,Mid,HR,Engineer,2,7,2,31,10,12,7.548238492,4.775470609,1,2,Full-time,Urban,Medium,1,91726.80322
25,29,Masters,Mid,Sales,Manager,1,17,5,54,4,11,3.46919342,9.702490885,6,3,Full-time,Urban,Large,5,104108.1825
59,24,Bachelors,Mid,Sales,Analyst,1,6,6,52,3,8,9.253164039,7.029726573,6,3,Full-time,Semi-Urban,Medium,2,102984.8359
26,9,Masters,Mid,IT,Manager,4,17,0,34,2,3,5.150369608,7.926978205,2,2,Contract,Urban,Large,4,82637.74345
41,22,Bachelors,Senior,Finance,Manager,2,7,3,40,15,12,8.602502805,8.123280108,0,3,Part-time,Urban,Large,4,118037.4389
45,26,PhD,Junior,Sales,Analyst,3,3,4,52,7,7,5.161135602,3.691446442,5,0,Contract,Semi-Urban,Medium,5,94991.87133
29,22,Masters,Mid,Sales,Clerk,5,11,1,57,8,6,1.936899382,8.529514661,1,2,Full-time,Rural,Medium,3,97633.31697
38,5,PhD,Senior,Sales,Engineer,4,6,5,41,11,14,7.464773819,2.119916118,1,4,Contract,Semi-Urban,Large,4,78902.67316
37,29,PhD,Mid,Finance,Analyst,2,9,6,36,2,13,8.140049058,2.784758279,9,4,Part-time,Semi-Urban,Small,5,100995.759
32,14,PhD,Mid,Sales,Analyst,2,9,1,41,15,2,6.136263391,7.159643286,7,2,Full-time,Rural,Medium,1,97572.83533
25,18,PhD,Junior,Finance,Analyst,1,14,0,57,4,8,4.146377091,5.233688609,3,3,Part-time,Urban,Small,2,84367.80342
28,4,Masters,Junior,IT,Engineer,1,17,0,52,1,10,3.84293642,6.406888805,5,2,Contract,Urban,Small,1,64479.20299
54,12,Masters,Senior,Sales,Engineer,1,7,5,43,19,9,1.446831835,2.4830835,9,2,Contract,Rural,Medium,4,53808.53203
42,2,Bachelors,Mid,Sales,Manager,4,12,7,33,1,12,7.437125138,4.910552616,4,4,Contract,Rural,Medium,4,49532.78828
41,18,Bachelors,Mid,HR,Analyst,3,10,7,40,17,7,4.072910868,5.946919772,8,0,Contract,Rural,Small,2,94737.21459
42,13,PhD,Junior,Sales,Engineer,2,4,9,53,15,14,7.477351707,1.469762268,0,3,Contract,Urban,Large,4,79701.06643
25,4,Masters,Junior,Sales,Clerk,4,16,1,58,7,6,9.116349259,8.807959265,0,0,Full-time,Urban,Large,5,70959.90038
25,1,PhD,Mid,IT,Clerk,3,16,3,31,16,5,6.197173298,1.94624702,7,4,Full-time,Rural,Large,2,52068.66972
46,25,Bachelors,Mid,IT,Engineer,2,4,8,42,7,10,6.477867853,3.394342814,2,4,Part-time,Urban,Large,2,92125.07923
37,5,Bachelors,Junior,HR,Clerk,1,12,3,45,9,10,2.067196783,1.758889092,8,3,Part-time,Rural,Medium,4,54763.86369
44,29,PhD,Senior,HR,Clerk,2,9,6,49,13,2,2.374385206,9.185382988,9,3,Full-time,Urban,Large,3,120428.8448
35,11,Bachelors,Mid,Finance,Manager,5,18,7,40,13,5,9.058329828,1.040926063,8,1,Full-time,Urban,Medium,1,75766.4411
55,25,PhD,Junior,HR,Manager,4,6,6,47,11,9,5.31100931,2.148150814,8,1,Full-time,Semi-Urban,Small,2,90458.79029
21,8,Bachelors,Senior,HR,Clerk,5,5,6,30,2,6,2.432978518,1.867068826,2,3,Contract,Rural,Large,1,79576.46111
53,2,Bachelors,Junior,IT,Clerk,4,18,3,50,19,11,4.362620244,6.004962599,6,0,Full-time,Rural,Medium,4,51024.57536
52,0,PhD,Mid,Sales,Analyst,5,16,5,30,12,3,9.804372629,4.326241775,6,0,Contract,Semi-Urban,Small,1,53211.86276
26,26,Masters,Senior,IT,Manager,3,8,0,46,11,2,8.886946109,4.403140791,5,0,Full-time,Semi-Urban,Small,2,100779.7151
27,0,PhD,Mid,Finance,Analyst,2,12,9,52,4,12,7.419959911,5.116441787,4,4,Full-time,Urban,Small,5,67639.69006
21,21,Bachelors,Junior,Finance,Engineer,3,9,6,58,7,12,1.589989171,5.713641799,9,3,Full-time,Urban,Large,2,93665.35933
26,19,PhD,Mid,Sales,Clerk,1,15,7,33,12,5,5.02881131,3.495473495,3,2,Full-time,Rural,Medium,4,70968.3795
32,18,PhD,Mid,Finance,Manager,2,8,2,46,15,1,8.317461669,1.582797689,6,2,Full-time,Semi-Urban,Large,1,92230.8189
30,6,PhD,Mid,IT,Engineer,5,12,9,56,8,11,6.019136852,9.140243547,8,0,Part-time,Urban,Small,3,82725.42911
42,20,Masters,Mid,Sales,Clerk,2,8,0,49,9,5,3.423082989,7.255237163,6,0,Part-time,Semi-Urban,Large,5,103827.3676
52,7,Masters,Senior,Sales,Analyst,1,14,6,42,5,3,3.623887098,2.663091035,6,0,Full-time,Urban,Medium,1,44807.59634
59,24,Bachelors,Mid,Sales,Analyst,1,6,6,52,3,8,9.253164039,7.029726573,6,3,Full-time,Semi-Urban,Medium,2,102984.8359
51,18,Bachelors,Senior,IT,Engineer,1,19,7,41,16,1,5.758167377,8.479403028,4,4,Part-time,Urban,Medium,2,93756.45101
25,1,Bachelors,Mid,Finance,Manager,4,19,1,46,6,12,9.952870135,5.764354891,6,3,Contract,Rural,Large,5,80431.096
26,9,Masters,Mid,IT,Manager,4,17,0,34,2,3,5.150369608,7.926978205,2,2,Contract,Urban,Large,4,82637.74345
50,17,Masters,Senior,IT,Analyst,5,6,4,44,1,8,2.492211741,3.157928018,9,0,Part-time,Rural,Large,5,75468.72536
31,15,Bachelors,Mid,Finance,Manager,2,3,9,44,1,1,8.985886987,2.728707275,5,2,Contract,Rural,Large,2,77414.33572
24,0,Bachelors,Senior,Finance,Engineer,5,3,3,56,15,13,6.810242437,4.927811725,7,1,Part-time,Semi-Urban,Small,2,52284.61651
58,27,Bachelors,Mid,Finance,Manager,1,11,7,31,16,6,4.012796695,2.845185329,4,1,Contract,Urban,Large,5,88511.01909
25,1,PhD,Mid,IT,Clerk,3,16,3,31,16,5,6.197173298,1.94624702,7,4,Full-time,Rural,Large,2,52068.66972
59,14,Masters,Junior,Sales,Clerk,3,6,5,59,4,14,1.781707409,6.126451762,1,4,Full-time,Rural,Large,3,86313.44952
25,25,Masters,Junior,Finance,Clerk,1,7,4,35,3,9,6.681479891,3.824218862,8,1,Full-time,Urban,Large,2,103581.5425
25,1,Bachelors,Mid,Finance,Manager,4,19,1,46,6,12,9.952870135,5.764354891,6,3,Contract,Rural,Large,5,80431.096
25,29,Masters,Mid,Sales,Manager,1,17,5,54,4,11,3.46919342,9.702490885,6,3,Full-time,Urban,Large,5,104108.1825
22,15,Bachelors,Junior,IT,Engineer,5,2,6,47,18,10,4.896770332,8.786507805,5,4,Part-time,Semi-Urban,Medium,5,93725.5797
27,21,PhD,Junior,IT,Engineer,5,13,3,57,3,8,2.485308459,3.436619224,4,4,Part-time,Rural,Small,3,100967.2515
44,11,PhD,Senior,Sales,Manager,1,11,2,49,10,6,4.928130398,9.021002993,5,4,Contract,Semi-Urban,Small,1,63999.33399
51,25,Masters,Senior,IT,Clerk,4,17,8,44,12,12,4.261876495,7.316728585,8,1,Full-time,Urban,Large,3,104195.9508
32,27,Masters,Senior,Finance,Clerk,2,9,0,43,7,12,8.821658393,4.911509754,2,4,Part-time,Semi-Urban,Medium,2,102044.4701
42,1,Bachelors,Senior,IT,Engineer,2,5,0,32,16,13,1.929466118,1.490882234,3,4,Full-time,Semi-Urban,Medium,1,56891.5248
30,21,Bachelors,Mid,HR,Manager,5,4,0,54,17,9,7.553821414,5.151107709,7,3,Part-time,Rural,Medium,2,120411.1507
55,7,Bachelors,Junior,Finance,Manager,3,1,2,59,3,11,7.174794071,3.866120139,0,1,Contract,Semi-Urban,Large,5,74161.13824
48,14,Bachelors,Mid,HR,Manager,1,4,3,37,17,11,1.635424561,9.87769007,6,1,Full-time,Urban,Large,2,71340.65265
55,25,PhD,Junior,HR,Manager,4,6,6,47,11,9,5.31100931,2.148150814,8,1,Full-time,Semi-Urban,Small,2,90458.79029
42,3,PhD,Mid,IT,Clerk,5,10,2,50,12,13,3.945687866,8.446224015,3,3,Part-time,Rural,Small,5,64396.15668
34,5,PhD,Mid,Sales,Manager,4,18,3,36,12,11,9.92240191,7.346280667,3,1,Full-time,Urban,Large,4,62708.93871
41,22,Bachelors,Mid,Finance,Manager,2,16,4,57,8,3,6.211363012,6.145073515,8,3,Contract,Rural,Medium,1,108598.4512
22,21,Bachelors,Mid,Sales,Analyst,3,2,3,50,11,5,9.654738093,3.929921663,8,4,Contract,Urban,Medium,3,92730.64409
22,15,Bachelors,Junior,IT,Engineer,5,2,6,47,18,10,4.896770332,8.786507805,5,4,Part-time,Semi-Urban,Medium,5,93725.5797
48,9,Bachelors,Junior,HR,Analyst,5,12,0,55,14,4,9.87186542,1.233895005,6,2,Full-time,Semi-Urban,Large,4,77260.53943
32,14,PhD,Mid,Sales,Analyst,2,9,1,41,15,2,6.136263391,7.159643286,7,2,Full-time,Rural,Medium,1,97572.83533
31,18,Bachelors,Junior,Sales,Manager,1,19,5,38,15,13,3.776204562,5.791128767,8,2,Full-time,Rural,Large,1,75057.55908
29,8,Masters,Senior,HR,Clerk,3,9,4,33,12,13,8.445968178,7.400105133,0,3,Full-time,Urban,Large,1,80866.09434
25,9,PhD,Senior,HR,Analyst,1,1,6,53,2,7,6.149214741,2.481712673,4,1,Part-time,Rural,Large,5,72750.26995
22,23,Masters,Senior,HR,Engineer,3,8,0,58,8,11,2.95308713,7.910299697,9,1,Part-time,Rural,Medium,5,100551.4468
24,16,PhD,Senior,IT,Engineer,1,2,2,57,12,14,2.94978094,1.723624307,8,2,Part-time,Semi-Urban,Medium,4,70877.13011
37,4,PhD,Mid,Sales,Engineer,1,4,9,59,14,1,1.173124636,2.338009682,3,0,Contract,Urban,Medium,4,37920.73625
52,1,Masters,Mid,Sales,Clerk,2,15,8,47,7,1,7.681199997,8.016237116,4,1,Full-time,Semi-Urban,Large,4,51450.68454
54,29,Bachelors,Junior,HR,Analyst,4,10,6,36,2,10,6.078664282,2.349630547,0,2,Part-time,Urban,Small,5,119074.2209
53,23,Masters,Senior,Sales,Analyst,3,19,5,41,11,10,4.224973684,5.544575725,6,3,Contract,Rural,Small,2,86966.46455
25,8,PhD,Senior,Sales,Clerk,2,5,2,37,7,9,7.88642111,2.691148388,5,3,Contract,Semi-Urban,Small,1,62746.79918
44,29,PhD,Senior,HR,Clerk,2,9,6,49,13,2,2.374385206,9.185382988,9,3,Full-time,Urban,Large,3,120428.8448
31,12,Bachelors,Junior,HR,Engineer,4,13,8,54,14,8,1.233614938,3.953010254,2,4,Contract,Urban,Medium,5,62649.22724
33,6,PhD,Junior,IT,Clerk,4,13,1,48,10,12,2.800110376,9.991587513,9,3,Part-time,Rural,Small,3,72728.01539
37,29,PhD,Mid,Finance,Analyst,2,9,6,36,2,13,8.140049058,2.784758279,9,4,Part-time,Semi-Urban,Small,5,100995.759
23,9,PhD,Mid,HR,Manager,3,17,6,54,16,5,2.777141581,1.858099202,7,2,Part-time,Urban,Small,3,61587.86062
33,19,Masters,Senior,Finance,Engineer,5,7,9,31,19,13,4.301078423,7.288423088,5,3,Contract,Semi-Urban,Medium,3,99002.18613
26,19,PhD,Mid,Sales,Clerk,1,15,7,33,12,5,5.02881131,3.495473495,3,2,Full-time,Rural,Medium,4,70968.3795
37,21,Masters,Junior,Finance,Clerk,4,4,0,42,1,12,6.122859377,9.883976076,7,2,Full-time,Urban,Medium,1,104452.6307
50,10,PhD,Junior,Finance,Manager,2,4,8,57,13,3,5.918406837,9.314301533,4,3,Part-time,Rural,Small,4,90100.56868
50,26,Bachelors,Junior,Sales,Clerk,2,10,5,44,16,7,9.283452357,8.345527235,4,2,Part-time,Semi-Urban,Medium,2,114413.085
44,11,PhD,Senior,Sales,Manager,1,11,2,49,10,6,4.928130398,9.021002993,5,4,Contract,Semi-Urban,Small,1,63999.33399
40,18,Masters,Senior,Sales,Analyst,4,1,3,44,4,5,1.421983481,2.643267182,6,0,Full-time,Urban,Medium,4,101624.9041
40,16,Bachelors,Mid,HR,Manager,5,9,2,45,7,10,2.066054945,8.905218897,7,0,Contract,Urban,Large,1,108809.3176
55,7,Bachelors,Junior,Finance,Manager,3,1,2,59,3,11,7.174794071,3.866120139,0,1,Contract,Semi-Urban,Large,5,74161.13824
22,21,Bachelors,Mid,Sales,Analyst,3,2,3,50,11,5,9.654738093,3.929921663,8,4,Contract,Urban,Medium,3,92730.64409
33,6,PhD,Junior,Finance,Clerk,3,13,6,50,14,2,8.213535964,3.949590723,5,4,Part-time,Semi-Urban,Large,5,57367.04483
36,9,Bachelors,Senior,Sales,Manager,4,2,2,44,7,4,4.508147219,9.981973622,5,2,Part-time,Urban,Medium,5,95470.51557
27,3,PhD,Senior,Sales,Manager,5,7,8,31,18,12,6.417047545,5.618502914,0,0,Full-time,Semi-Urban,Large,5,67979.25104
29,6,PhD,Mid,Sales,Engineer,4,7,9,57,18,13,1.560751568,4.618225152,2,3,Part-time,Rural,Small,1,80215.62175
22,21,Bachelors,Mid,Sales,Analyst,3,2,3,50,11,5,9.654738093,3.929921663,8,4,Contract,Urban,Medium,3,92730.64409
58,27,Bachelors,Mid,Finance,Manager,1,11,7,31,16,6,4.012796695,2.845185329,4,1,Contract,Urban,Large,5,88511.01909
23,2,PhD,Senior,HR,Clerk,5,1,1,37,10,2,2.244037869,9.717595762,6,0,Contract,Urban,Small,2,63044.15278
38,16,PhD,Junior,Finance,Engineer,3,15,3,36,7,2,1.911740704,9.682937689,5,2,Contract,Semi-Urban,Small,1,96437.26593
30,16,Masters,Senior,Sales,Engineer,2,14,8,37,18,9,2.505524708,6.648829439,2,1,Part-time,Urban,Medium,4,82874.12003
44,15,Masters,Junior,Sales,Manager,5,19,6,47,1,9,1.724119065,9.721098492,9,0,Contract,Rural,Large,5,79884.43726
54,18,PhD,Senior,Finance,Analyst,2,8,3,46,4,7,8.617936176,1.594477282,1,0,Contract,Rural,Large,3,88743.30891
57,14,Bachelors,Senior,IT,Manager,4,3,9,40,9,10,7.716592692,8.414387848,9,2,Contract,Rural,Large,4,103393.8581
53,16,Bachelors,Mid,Finance,Analyst,1,18,1,45,5,11,9.218042515,1.801527645,7,3,Full-time,Urban,Small,2,68236.87569
49,16,Masters,Junior,Sales,Clerk,1,18,8,30,11,13,1.074557271,1.092739055,5,4,Part-time,Urban,Large,4,72843.84414
50,3,Masters,Junior,Finance,Analyst,2,19,8,30,3,6,7.982277525,8.644853831,5,4,Full-time,Urban,Large,1,62997.10212
39,21,Bachelors,Senior,Sales,Manager,4,13,8,32,9,2,1.677920852,1.267325515,8,0,Full-time,Rural,Large,1,103854.7115
34,2,Masters,Junior,Sales,Analyst,2,4,2,52,14,14,2.748364426,3.26169804,5,2,Contract,Urban,Medium,1,41862.40207
57,24,Masters,Mid,HR,Engineer,2,7,2,31,10,12,7.548238492,4.775470609,1,2,Full-time,Urban,Medium,1,91726.80322
22,26,Bachelors,Junior,Finance,Clerk,5,4,1,52,6,11,1.67302596,4.112754269,4,0,Part-time,Rural,Small,3,114691.3311
24,16,PhD,Senior,IT,Engineer,1,2,2,57,12,14,2.94978094,1.723624307,8,2,Part-time,Semi-Urban,Medium,4,70877.13011
54,19,Masters,Junior,IT,Clerk,1,4,4,37,8,10,4.723238967,7.87743138,6,0,Full-time,Urban,Medium,2,76318.15662
39,21,Bachelors,Senior,Sales,Manager,4,13,8,32,9,2,1.677920852,1.267325515,8,0,Full-time,Rural,Large,1,103854.7115
48,9,Bachelors,Junior,HR,Analyst,5,12,0,55,14,4,9.87186542,1.233895005,6,2,Full-time,Semi-Urban,Large,4,77260.53943
25,4,Masters,Mid,Sales,Engineer,5,5,9,38,16,9,2.697264322,6.042316373,4,2,Part-time,Urban,Large,3,70389.04397
32,18,PhD,Mid,Finance,Manager,2,8,2,46,15,1,8.317461669,1.582797689,6,2,Full-time,Semi-Urban,Large,1,92230.8189
51,28,Masters,Senior,Finance,Clerk,1,17,5,46,3,3,9.236342549,6.95788122,2,1,Full-time,Rural,Small,4,99057.80001
49,26,Bachelors,Senior,Finance,Engineer,4,17,1,40,5,11,4.154839679,7.276017327,4,3,Full-time,Rural,Medium,2,117251.0605
22,21,Bachelors,Mid,Sales,Analyst,3,2,3,50,11,5,9.654738093,3.929921663,8,4,Contract,Urban,Medium,3,92730.64409
26,9,Masters,Mid,IT,Manager,4,17,0,34,2,3,5.150369608,7.926978205,2,2,Contract,Urban,Large,4,82637.74345
43,21,Masters,Mid,Finance,Analyst,2,14,8,57,4,4,1.93487888,8.09150191,4,1,Full-time,Rural,Large,1,90067.68117
50,10,PhD,Junior,Finance,Manager,2,4,8,57,13,3,5.918406837,9.314301533,4,3,Part-time,Rural,Small,4,90100.56868
57,15,Bachelors,Mid,IT,Manager,4,11,6,47,10,1,2.50701409,5.042276684,3,3,Full-time,Semi-Urban,Medium,1,86709.74611
45,22,PhD,Mid,HR,Engineer,2,14,1,37,13,7,4.458328967,5.377547722,0,4,Full-time,Urban,Large,5,88530.38623
32,10,Masters,Mid,IT,Manager,5,19,1,59,7,9,7.411196271,5.739356101,6,4,Part-time,Urban,Large,3,79724.42359
40,4,PhD,Junior,Finance,Engineer,4,7,7,49,11,8,8.525436058,2.369503568,3,2,Contract,Urban,Medium,2,63169.84034
23,10,Bachelors,Senior,Finance,Clerk,1,14,0,51,5,9,2.74618569,4.333806375,0,0,Contract,Rural,Small,3,58872.75334
36,27,Bachelors,Senior,Finance,Clerk,2,18,9,35,8,1,6.205779531,7.781422374,5,2,Contract,Semi-Urban,Large,2,108761.4864
55,24,Bachelors,Mid,HR,Clerk,4,16,0,54,8,13,4.999186425,1.678550852,8,3,Part-time,Urban,Small,2,89578.44745
43,21,Masters,Mid,Finance,Analyst,2,14,8,57,4,4,1.93487888,8.09150191,4,1,Full-time,Rural,Large,1,90067.68117
47,0,Masters,Junior,HR,Analyst,2,13,1,34,6,4,2.558646712,4.489785638,7,2,Contract,Semi-Urban,Medium,2,63339.38948
53,23,Masters,Senior,Sales,Analyst,3,19,5,41,11,10,4.224973684,5.544575725,6,3,Contract,Rural,Small,2,86966.46455
41,6,Bachelors,Senior,Sales,Manager,2,8,2,46,7,9,4.695557862,8.096600553,5,4,Part-time,Rural,Medium,3,73916.47853
57,14,Bachelors,Senior,IT,Manager,4,3,9,40,9,10,7.716592692,8.414387848,9,2,Contract,Rural,Large,4,103393.8581
27,3,PhD,Senior,Sales,Manager,5,7,8,31,18,12,6.417047545,5.618502914,0,0,Full-time,Semi-Urban,Large,5,67979.25104
32,10,Masters,Mid,IT,Manager,5,19,1,59,7,9,7.411196271,5.739356101,6,4,Part-time,Urban,Large,3,79724.42359
33,5,PhD,Mid,Sales,Clerk,5,3,4,53,10,7,2.64372239,8.366868808,5,2,Part-time,Urban,Medium,2,74801.96496
36,22,Bachelors,Junior,Sales,Engineer,5,11,9,41,9,4,3.555836943,8.946620221,7,4,Full-time,Semi-Urban,Medium,2,98887.78121
36,9,Bachelors,Senior,Sales,Manager,4,2,2,44,7,4,4.508147219,9.981973622,5,2,Part-time,Urban,Medium,5,95470.51557
29,8,Masters,Senior,HR,Clerk,3,9,4,33,12,13,8.445968178,7.400105133,0,3,Full-time,Urban,Large,1,80866.09434
54,2,Bachelors,Mid,HR,Analyst,3,17,6,43,19,3,9.693154031,8.857797453,6,3,Contract,Rural,Medium,3,53645.51097
36,22,Bachelors,Junior,Sales,Engineer,5,11,9,41,9,4,3.555836943,8.946620221,7,4,Full-time,Semi-Urban,Medium,2,98887.78121
33,6,PhD,Junior,IT,Clerk,4,13,1,48,10,12,2.800110376,9.991587513,9,3,Part-time,Rural,Small,3,72728.01539
36,22,Bachelors,Junior,Sales,Engineer,5,11,9,41,9,4,3.555836943,8.946620221,7,4,Full-time,Semi-Urban,Medium,2,98887.78121
55,25,PhD,Junior,HR,Manager,4,6,6,47,11,9,5.31100931,2.148150814,8,1,Full-time,Semi-Urban,Small,2,90458.79029
53,16,Bachelors,Mid,Finance,Analyst,1,18,1,45,5,11,9.218042515,1.801527645,7,3,Full-time,Urban,Small,2,68236.87569
36,22,Bachelors,Junior,Sales,Engineer,5,11,9,41,9,4,3.555836943,8.946620221,7,4,Full-time,Semi-Urban,Medium,2,98887.78121
53,2,Bachelors,Junior,IT,Clerk,4,18,3,50,19,11,4.362620244,6.004962599,6,0,Full-time,Rural,Medium,4,51024.57536
47,9,Masters,Mid,IT,Clerk,1,3,0,54,7,2,6.61891245,2.727342072,4,3,Contract,Semi-Urban,Small,2,67753.72294
51,0,PhD,Senior,HR,Engineer,3,15,8,34,15,5,1.542859777,7.557456294,8,0,Contract,Semi-Urban,Small,4,46575.80733
52,0,PhD,Mid,Sales,Analyst,5,16,5,30,12,3,9.804372629,4.326241775,6,0,Contract,Semi-Urban,Small,1,53211.86276
53,17,Masters,Mid,Finance,Analyst,3,16,4,32,3,12,8.83770211,5.83560946,6,2,Part-time,Rural,Small,2,91829.43346
43,21,Masters,Mid,Finance,Analyst,2,14,8,57,4,4,1.93487888,8.09150191,4,1,Full-time,Rural,Large,1,90067.68117
24,8,PhD,Senior,IT,Engineer,3,6,7,56,19,6,9.282809134,5.316371544,5,4,Full-time,Semi-Urban,Small,4,71944.45499
47,9,Masters,Mid,IT,Clerk,1,3,0,54,7,2,6.61891245,2.727342072,4,3,Contract,Semi-Urban,Small,2,67753.72294
25,1,PhD,Mid,IT,Clerk,3,16,3,31,16,5,6.197173298,1.94624702,7,4,Full-time,Rural,Large,2,52068.66972
53,23,Masters,Senior,Sales,Analyst,3,19,5,41,11,10,4.224973684,5.544575725,6,3,Contract,Rural,Small,2,86966.46455
26,19,PhD,Mid,Sales,Clerk,1,15,7,33,12,5,5.02881131,3.495473495,3,2,Full-time,Rural,Medium,4,70968.3795
57,14,Bachelors,Senior,IT,Manager,4,3,9,40,9,10,7.716592692,8.414387848,9,2,Contract,Rural,Large,4,103393.8581
23,10,Bachelors,Senior,Finance,Clerk,1,14,0,51,5,9,2.74618569,4.333806375,0,0,Contract,Rural,Small,3,58872.75334
26,13,Bachelors,Mid,Finance,Clerk,5,9,9,57,16,8,6.281671553,1.906372239,9,0,Part-time,Semi-Urban,Small,3,94964.31824
29,19,PhD,Senior,Sales,Manager,4,14,3,41,19,2,1.273690399,7.978379513,3,3,Full-time,Urban,Small,3,82419.74581
40,12,Masters,Senior,Sales,Clerk,4,7,9,58,6,13,5.944319492,4.632325007,2,0,Full-time,Semi-Urban,Large,5,95098.1095
52,14,PhD,Junior,IT,Analyst,1,17,1,59,17,11,9.862037065,8.282732053,3,1,Part-time,Semi-Urban,Medium,2,95516.31553
37,21,Masters,Junior,Finance,Clerk,4,4,0,42,1,12,6.122859377,9.883976076,7,2,Full-time,Urban,Medium,1,104452.6307
31,21,Bachelors,Mid,HR,Engineer,1,6,9,51,1,7,6.297300033,7.168184348,9,2,Full-time,Rural,Large,3,93604.12125
59,14,Masters,Junior,Sales,Clerk,3,6,5,59,4,14,1.781707409,6.126451762,1,4,Full-time,Rural,Large,3,86313.44952
45,11,PhD,Junior,IT,Manager,1,3,3,45,17,2,2.661476691,6.81402972,7,0,Full-time,Urban,Large,2,78694.31235
23,10,Bachelors,Senior,Finance,Clerk,1,14,0,51,5,9,2.74618569,4.333806375,0,0,Contract,Rural,Small,3,58872.75334
40,26,Bachelors,Junior,Sales,Clerk,4,2,7,33,7,11,9.418315267,8.976063231,5,3,Part-time,Rural,Medium,2,109469.5911
44,16,Bachelors,Junior,IT,Engineer,5,18,9,42,12,7,6.27531732,9.457339719,5,2,Full-time,Semi-Urban,Medium,3,109010.125
24,1,Masters,Mid,HR,Manager,3,18,3,45,7,5,5.195515697,5.187672217,8,4,Full-time,Semi-Urban,Small,2,57747.72236
31,18,Bachelors,Junior,Sales,Manager,1,19,5,38,15,13,3.776204562,5.791128767,8,2,Full-time,Rural,Large,1,75057.55908
44,25,PhD,Mid,HR,Analyst,1,7,8,58,5,12,7.529104182,5.790396789,6,4,Part-time,Urban,Large,5,101745.5803
53,16,Bachelors,Mid,Finance,Analyst,1,18,1,45,5,11,9.218042515,1.801527645,7,3,Full-time,Urban,Small,2,68236.87569
40,4,PhD,Junior,Finance,Engineer,4,7,7,49,11,8,8.525436058,2.369503568,3,2,Contract,Urban,Medium,2,63169.84034
29,21,Bachelors,Junior,Finance,Manager,5,6,9,57,12,11,6.106541795,2.673031288,8,2,Part-time,Semi-Urban,Medium,1,90024.17934
25,1,Bachelors,Mid,Finance,Manager,4,19,1,46,6,12,9.952870135,5.764354891,6,3,Contract,Rural,Large,5,80431.096
31,13,PhD,Mid,HR,Clerk,3,13,8,52,2,8,6.557704969,1.066477957,3,0,Full-time,Urban,Large,3,82322.47852
29,21,Bachelors,Junior,Finance,Manager,5,6,9,57,12,11,6.106541795,2.673031288,8,2,Part-time,Semi-Urban,Medium,1,90024.17934
28,27,PhD,Junior,Sales,Clerk,2,15,9,51,15,13,7.783013448,9.255549063,1,3,Contract,Urban,Medium,4,124769.6723
49,26,Bachelors,Senior,Finance,Engineer,4,17,1,40,5,11,4.154839679,7.276017327,4,3,Full-time,Rural,Medium,2,117251.0605
33,16,Bachelors,Senior,Finance,Engineer,1,1,2,41,0,2,5.429570881,8.666691132,3,0,Part-time,Rural,Medium,4,77785.60024
42,1,Bachelors,Senior,IT,Engineer,2,5,0,32,16,13,1.929466118,1.490882234,3,4,Full-time,Semi-Urban,Medium,1,56891.5248
45,27,Masters,Mid,Sales,Clerk,3,18,1,40,4,11,5.524392913,6.466675204,7,4,Part-time,Urban,Small,2,124511.4032
44,27,PhD,Senior,HR,Clerk,1,8,8,52,14,4,9.918465337,4.085191815,6,0,Full-time,Semi-Urban,Large,1,110404.6955
24,17,Masters,Junior,HR,Clerk,4,3,1,41,7,11,9.890037469,3.514639563,0,4,Contract,Rural,Large,2,97656.60495
54,29,Bachelors,Junior,HR,Analyst,4,10,6,36,2,10,6.078664282,2.349630547,0,2,Part-time,Urban,Small,5,119074.2209
30,6,PhD,Senior,Sales,Analyst,2,18,4,39,15,7,5.918653767,8.136402647,4,0,Full-time,Urban,Large,3,81734.33694
25,1,Bachelors,Mid,Finance,Manager,4,19,1,46,6,12,9.952870135,5.764354891,6,3,Contract,Rural,Large,5,80431.096
44,16,Bachelors,Junior,IT,Engineer,5,18,9,42,12,7,6.27531732,9.457339719,5,2,Full-time,Semi-Urban,Medium,3,109010.125
55,14,PhD,Senior,Finance,Analyst,3,9,1,49,16,4,6.419333729,2.887663406,2,2,Part-time,Urban,Medium,5,83143.52982
22,12,PhD,Mid,IT,Manager,5,10,7,33,14,1,5.611802706,2.377097597,4,2,Contract,Rural,Small,5,94741.31982
53,2,Bachelors,Junior,IT,Clerk,4,18,3,50,19,11,4.362620244,6.004962599,6,0,Full-time,Rural,Medium,4,51024.57536
29,28,Masters,Senior,HR,Manager,5,19,5,32,3,1,2.527042486,8.320361411,4,2,Part-time,Rural,Medium,2,114971.4762
46,25,Bachelors,Mid,HR,Clerk,5,2,8,42,15,4,5.987560938,6.999757618,3,1,Contract,Rural,Small,5,115012.2701
33,21,PhD,Senior,Finance,Engineer,2,6,5,56,9,8,6.296772001,5.76114237,5,3,Full-time,Urban,Medium,4,94857.14285
57,14,Bachelors,Senior,IT,Manager,4,3,9,40,9,10,7.716592692,8.414387848,9,2,Contract,Rural,Large,4,103393.8581
32,27,Masters,Senior,Finance,Clerk,2,9,0,43,7,12,8.821658393,4.911509754,2,4,Part-time,Semi-Urban,Medium,2,102044.4701
32,10,Masters,Mid,IT,Manager,5,19,1,59,7,9,7.411196271,5.739356101,6,4,Part-time,Urban,Large,3,79724.42359
54,29,Bachelors,Junior,HR,Analyst,4,10,6,36,2,10,6.078664282,2.349630547,0,2,Part-time,Urban,Small,5,119074.2209
31,13,PhD,Mid,HR,Clerk,3,13,8,52,2,8,6.557704969,1.066477957,3,0,Full-time,Urban,Large,3,82322.47852
24,0,Bachelors,Senior,Finance,Engineer,5,3,3,56,15,13,6.810242437,4.927811725,7,1,Part-time,Semi-Urban,Small,2,52284.61651
37,29,PhD,Mid,Finance,Analyst,2,9,6,36,2,13,8.140049058,2.784758279,9,4,Part-time,Semi-Urban,Small,5,100995.759
41,6,Bachelors,Senior,Sales,Manager,2,8,2,46,7,9,4.695557862,8.096600553,5,4,Part-time,Rural,Medium,3,73916.47853
52,0,PhD,Mid,Sales,Analyst,5,16,5,30,12,3,9.804372629,4.326241775,6,0,Contract,Semi-Urban,Small,1,53211.86276
40,1,PhD,Junior,IT,Analyst,3,2,6,50,13,10,5.330083824,9.583490907,2,4,Contract,Rural,Small,1,63939.27291
52,8,Bachelors,Senior,Sales,Analyst,3,8,7,35,18,11,3.97115801,3.870881983,7,1,Part-time,Urban,Medium,4,75173.21639
45,22,PhD,Mid,HR,Engineer,2,14,1,37,13,7,4.458328967,5.377547722,0,4,Full-time,Urban,Large,5,88530.38623
48,23,Bachelors,Senior,Sales,Analyst,3,3,7,44,6,6,1.138981923,3.859071299,2,3,Part-time,Rural,Medium,3,94774.86748
36,22,Bachelors,Junior,Sales,Engineer,5,11,9,41,9,4,3.555836943,8.946620221,7,4,Full-time,Semi-Urban,Medium,2,98887.78121
51,7,Bachelors,Senior,IT,Engineer,5,1,7,51,2,11,9.351654896,8.527303455,6,2,Full-time,Semi-Urban,Large,2,76416.41904
29,28,Masters,Senior,HR,Manager,5,19,5,32,3,1,2.527042486,8.320361411,4,2,Part-time,Rural,Medium,2,114971.4762
31,12,Bachelors,Junior,HR,Engineer,4,13,8,54,14,8,1.233614938,3.953010254,2,4,Contract,Urban,Medium,5,62649.22724
55,14,PhD,Senior,Finance,Analyst,3,9,1,49,16,4,6.419333729,2.887663406,2,2,Part-time,Urban,Medium,5,83143.52982
54,29,Bachelors,Junior,HR,Analyst,4,10,6,36,2,10,6.078664282,2.349630547,0,2,Part-time,Urban,Small,5,119074.2209
41,8,Masters,Mid,Sales,Manager,3,18,4,37,1,5,7.967351462,5.394132315,6,4,Full-time,Rural,Small,4,87418.31024
41,5,Bachelors,Mid,Sales,Manager,4,19,9,36,11,8,3.236978727,8.678019902,4,0,Contract,Rural,Large,2,68355.60261
42,3,PhD,Mid,IT,Clerk,5,10,2,50,12,13,3.945687866,8.446224015,3,3,Part-time,Rural,Small,5,64396.15668
24,0,Bachelors,Senior,Finance,Engineer,5,3,3,56,15,13,6.810242437,4.927811725,7,1,Part-time,Semi-Urban,Small,2,52284.61651
48,1,Masters,Junior,Finance,Analyst,1,17,4,35,12,2,5.393269731,3.943188991,0,4,Part-time,Rural,Large,1,45302.09652
52,8,Bachelors,Senior,Sales,Analyst,3,8,7,35,18,11,3.97115801,3.870881983,7,1,Part-time,Urban,Medium,4,75173.21639
21,17,Masters,Mid,Finance,Analyst,3,18,8,39,13,2,1.440099394,1.422264027,8,2,Full-time,Rural,Large,1,89728.81623
34,5,PhD,Mid,Sales,Manager,4,18,3,36,12,11,9.92240191,7.346280667,3,1,Full-time,Urban,Large,4,62708.93871
42,5,Masters,Junior,IT,Engineer,5,11,7,47,16,8,4.093475718,3.009282447,8,0,Contract,Urban,Medium,2,53659.61465
32,14,PhD,Mid,Sales,Analyst,2,9,1,41,15,2,6.136263391,7.159643286,7,2,Full-time,Rural,Medium,1,97572.83533
38,4,Bachelors,Senior,Finance,Engineer,4,16,5,41,4,2,4.226537789,5.213150149,3,1,Full-time,Semi-Urban,Large,1,60926.31797
49,26,Bachelors,Senior,Finance,Engineer,4,17,1,40,5,11,4.154839679,7.276017327,4,3,Full-time,Rural,Medium,2,117251.0605
25,9,PhD,Senior,HR,Analyst,1,1,6,53,2,7,6.149214741,2.481712673,4,1,Part-time,Rural,Large,5,72750.26995
39,20,Masters,Junior,Sales,Clerk,2,17,2,42,17,7,2.275024105,2.22677942,7,1,Contract,Rural,Large,1,72070.15941
50,4,PhD,Senior,IT,Analyst,3,18,2,52,16,6,1.819101052,6.629823813,9,4,Part-time,Urban,Medium,5,59604.88963
56,16,Bachelors,Mid,HR,Manager,5,8,3,40,3,4,4.266143965,9.156857265,5,2,Part-time,Rural,Large,2,99380.37268
41,27,Masters,Senior,HR,Clerk,2,8,3,57,17,4,8.49835248,8.934492759,5,0,Contract,Semi-Urban,Small,1,112080.7438
43,19,Bachelors,Senior,HR,Clerk,1,6,1,43,1,1,9.27313904,4.516912527,7,3,Part-time,Urban,Large,1,101754.4341
34,1,Bachelors,Junior,Finance,Manager,4,14,4,54,13,6,6.216469584,9.757815533,0,2,Contract,Semi-Urban,Small,2,81686.84822
45,26,PhD,Junior,Sales,Analyst,3,3,4,52,7,7,5.161135602,3.691446442,5,0,Contract,Semi-Urban,Medium,5,94991.87133
37,5,Bachelors,Junior,HR,Clerk,1,12,3,45,9,10,2.067196783,1.758889092,8,3,Part-time,Rural,Medium,4,54763.86369
50,10,PhD,Junior,Finance,Manager,2,4,8,57,13,3,5.918406837,9.314301533,4,3,Part-time,Rural,Small,4,90100.56868
34,28,PhD,Junior,HR,Clerk,3,17,9,38,18,3,4.434546751,8.88304516,3,0,Full-time,Urban,Small,3,100393.2009
50,7,Masters,Senior,Sales,Clerk,5,12,2,33,8,8,6.75060754,1.291499442,8,1,Part-time,Rural,Medium,1,82611.40687
42,5,Masters,Junior,IT,Engineer,5,11,7,47,16,8,4.093475718,3.009282447,8,0,Contract,Urban,Medium,2,53659.61465
51,28,Masters,Senior,Finance,Clerk,1,17,5,46,3,3,9.236342549,6.95788122,2,1,Full-time,Rural,Small,4,99057.80001
24,1,Masters,Mid,HR,Manager,3,18,3,45,7,5,5.195515697,5.187672217,8,4,Full-time,Semi-Urban,Small,2,57747.72236
39,21,Bachelors,Senior,Sales,Manager,4,13,8,32,9,2,1.677920852,1.267325515,8,0,Full-time,Rural,Large,1,103854.7115
31,13,PhD,Mid,HR,Clerk,3,13,8,52,2,8,6.557704969,1.066477957,3,0,Full-time,Urban,Large,3,82322.47852
32,3,Bachelors,Junior,Finance,Engineer,5,4,2,51,7,1,6.09931716,5.102623998,0,2,Full-time,Urban,Small,1,56080.46596
44,29,PhD,Senior,HR,Clerk,2,9,6,49,13,2,2.374385206,9.185382988,9,3,Full-time,Urban,Large,3,120428.8448
27,8,PhD,Senior,Finance,Manager,3,19,8,41,11,13,3.415747497,2.902996612,1,1,Contract,Rural,Large,1,52745.34343
30,24,PhD,Mid,Sales,Manager,5,14,4,54,8,14,2.94038485,7.55836775,3,4,Contract,Urban,Small,1,96799.42615
36,10,Masters,Senior,IT,Engineer,2,13,7,57,5,9,5.758056346,4.016001695,3,0,Part-time,Rural,Medium,2,68759.25838
53,23,Masters,Senior,Sales,Analyst,3,19,5,41,11,10,4.224973684,5.544575725,6,3,Contract,Rural,Small,2,86966.46455
51,0,PhD,Senior,HR,Engineer,3,15,8,34,15,5,1.542859777,7.557456294,8,0,Contract,Semi-Urban,Small,4,46575.80733
41,27,Masters,Senior,HR,Clerk,2,8,3,57,17,4,8.49835248,8.934492759,5,0,Contract,Semi-Urban,Small,1,112080.7438
43,21,Bachelors,Mid,Sales,Engineer,2,9,4,39,11,10,6.166889456,1.262502612,4,1,Full-time,Semi-Urban,Large,3,88443.89259
39,2,Bachelors,Junior,Sales,Manager,5,16,2,52,2,11,8.781503835,7.62581602,9,3,Part-time,Semi-Urban,Medium,5,86006.48306
54,29,Bachelors,Junior,HR,Analyst,4,10,6,36,2,10,6.078664282,2.349630547,0,2,Part-time,Urban,Small,5,119074.2209
32,10,Masters,Mid,IT,Manager,5,19,1,59,7,9,7.411196271,5.739356101,6,4,Part-time,Urban,Large,3,79724.42359
33,21,PhD,Senior,Finance,Engineer,2,6,5,56,9,8,6.296772001,5.76114237,5,3,Full-time,Urban,Medium,4,94857.14285
59,14,Masters,Junior,Sales,Clerk,3,6,5,59,4,14,1.781707409,6.126451762,1,4,Full-time,Rural,Large,3,86313.44952
50,24,Masters,Mid,IT,Analyst,4,8,5,47,6,13,5.993978501,1.394019696,6,3,Full-time,Rural,Small,5,106390.8021
55,2,Masters,Mid,Sales,Clerk,2,9,0,41,1,12,3.491763672,4.40547969,8,2,Full-time,Semi-Urban,Large,2,41523.3393
54,29,Bachelors,Junior,HR,Analyst,4,10,6,36,2,10,6.078664282,2.349630547,0,2,Part-time,Urban,Small,5,119074.2209
25,29,Masters,Mid,Sales,Manager,1,17,5,54,4,11,3.46919342,9.702490885,6,3,Full-time,Urban,Large,5,104108.1825
45,22,PhD,Mid,HR,Engineer,2,14,1,37,13,7,4.458328967,5.377547722,0,4,Full-time,Urban,Large,5,88530.38623
21,21,Bachelors,Junior,Finance,Engineer,3,9,6,58,7,12,1.589989171,5.713641799,9,3,Full-time,Urban,Large,2,93665.35933
32,20,Bachelors,Junior,Sales,Manager,2,3,3,35,1,4,2.348000568,2.418336461,6,0,Full-time,Rural,Small,3,72887.00432
52,8,Bachelors,Senior,Sales,Analyst,3,8,7,35,18,11,3.97115801,3.870881983,7,1,Part-time,Urban,Medium,4,75173.21639
24,15,Bachelors,Junior,Sales,Clerk,4,7,9,32,7,3,3.246641862,7.660470651,4,4,Full-time,Semi-Urban,Medium,5,97850.20664
49,26,Bachelors,Senior,Finance,Engineer,4,17,1,40,5,11,4.154839679,7.276017327,4,3,Full-time,Rural,Medium,2,117251.0605
39,26,Masters,Senior,Sales,Clerk,5,13,0,31,18,14,2.425296826,8.432678148,2,1,Part-time,Semi-Urban,Medium,3,128057.5106
48,9,Bachelors,Junior,HR,Analyst,5,2,5,46,10,11,5.392838668,4.197029315,0,4,Part-time,Urban,Medium,5,88051.27385
52,5,Masters,Mid,Finance,Analyst,2,4,7,46,6,1,3.950222875,4.750922255,3,2,Contract,Rural,Large,4,50233.32958
52,0,PhD,Mid,Sales,Analyst,5,16,5,30,12,3,9.804372629,4.326241775,6,0,Contract,Semi-Urban,Small,1,53211.86276
44,11,Bachelors,Senior,Finance,Clerk,4,3,6,37,4,2,4.3935093,4.986225961,3,2,Full-time,Semi-Urban,Small,3,76353.98045
30,0,Masters,Senior,Finance,Engineer,1,5,2,50,13,2,8.567451278,1.140016982,9,2,Part-time,Rural,Large,1,49403.47166
59,14,Masters,Junior,Sales,Clerk,3,6,5,59,4,14,1.781707409,6.126451762,1,4,Full-time,Rural,Large,3,86313.44952
43,10,Bachelors,Senior,Sales,Engineer,2,16,7,34,9,3,2.474546489,5.274242072,6,3,Part-time,Rural,Medium,1,83240.63698
26,29,Masters,Junior,IT,Analyst,1,10,1,33,0,14,6.576695144,4.70258537,9,1,Contract,Urban,Small,5,115291.7976
44,27,PhD,Senior,HR,Clerk,1,8,8,52,14,4,9.918465337,4.085191815,6,0,Full-time,Semi-Urban,Large,1,110404.6955
35,14,Masters,Junior,HR,Engineer,1,19,9,35,13,13,7.275041884,7.485768273,0,4,Full-time,Urban,Small,3,69277.96381
51,21,Masters,Junior,HR,Engineer,4,7,2,57,3,9,7.460019853,6.070054748,1,0,Part-time,Urban,Medium,1,100561.0856
28,14,Masters,Senior,Sales,Manager,4,18,1,54,0,10,3.097397829,6.207734011,4,0,Part-time,Urban,Large,2,89627.67864
51,7,Bachelors,Senior,IT,Engineer,5,1,7,51,2,11,9.351654896,8.527303455,6,2,Full-time,Semi-Urban,Large,2,76416.41904
36,4,Masters,Junior,Finance,Engineer,4,8,4,33,16,11,8.146764542,6.761617403,0,1,Part-time,Urban,Medium,5,83030.70543
47,28,PhD,Senior,Sales,Manager,3,18,9,31,0,12,9.080996857,9.766880565,5,0,Contract,Semi-Urban,Small,4,108156.2535
39,20,Masters,Junior,Sales,Clerk,2,17,2,42,17,7,2.275024105,2.22677942,7,1,Contract,Rural,Large,1,72070.15941
33,16,Bachelors,Senior,Finance,Engineer,1,1,2,41,0,2,5.429570881,8.666691132,3,0,Part-time,Rural,Medium,4,77785.60024
57,24,Masters,Mid,HR,Engineer,2,7,2,31,10,12,7.548238492,4.775470609,1,2,Full-time,Urban,Medium,1,91726.80322
26,13,Bachelors,Mid,Finance,Clerk,5,9,9,57,16,8,6.281671553,1.906372239,9,0,Part-time,Semi-Urban,Small,3,94964.31824
49,3,Masters,Senior,Finance,Engineer,2,13,8,47,19,14,8.515475772,1.153441904,8,3,Part-time,Rural,Medium,1,45598.60606
54,18,PhD,Senior,Finance,Analyst,2,8,3,46,4,7,8.617936176,1.594477282,1,0,Contract,Rural,Large,3,88743.30891
44,15,Masters,Junior,Sales,Manager,5,19,6,47,1,9,1.724119065,9.721098492,9,0,Contract,Rural,Large,5,79884.43726
55,25,Bachelors,Senior,HR,Engineer,2,6,4,46,3,12,6.651480695,5.482468354,7,1,Full-time,Rural,Medium,5,115306.4427
24,8,Bachelors,Mid,Finance,Analyst,4,8,9,46,14,3,3.124740194,1.785078829,4,3,Part-time,Semi-Urban,Small,4,63886.83479
37,5,Bachelors,Junior,HR,Clerk,1,12,3,45,9,10,2.067196783,1.758889092,8,3,Part-time,Rural,Medium,4,54763.86369
21,11,Bachelors,Junior,Finance,Engineer,5,12,6,36,15,5,7.196147338,9.239637731,4,4,Contract,Semi-Urban,Large,2,80453.71261
23,2,PhD,Senior,HR,Clerk,5,1,1,37,10,2,2.244037869,9.717595762,6,0,Contract,Urban,Small,2,63044.15278
46,25,Bachelors,Mid,IT,Engineer,2,4,8,42,7,10,6.477867853,3.394342814,2,4,Part-time,Urban,Large,2,92125.07923
26,29,Masters,Junior,IT,Analyst,1,10,1,33,0,14,6.576695144,4.70258537,9,1,Contract,Urban,Small,5,115291.7976
51,18,Bachelors,Senior,IT,Engineer,1,19,7,41,16,1,5.758167377,8.479403028,4,4,Part-time,Urban,Medium,2,93756.45101
45,26,PhD,Junior,Sales,Analyst,3,3,4,52,7,7,5.161135602,3.691446442,5,0,Contract,Semi-Urban,Medium,5,94991.87133
41,8,Masters,Mid,Sales,Manager,3,18,4,37,1,5,7.967351462,5.394132315,6,4,Full-time,Rural,Small,4,87418.31024
28,5,Masters,Mid,IT,Engineer,3,5,8,45,19,10,7.029439351,4.549756335,9,4,Contract,Urban,Medium,5,59435.14695
55,7,Bachelors,Junior,Finance,Manager,3,1,2,59,3,11,7.174794071,3.866120139,0,1,Contract,Semi-Urban,Large,5,74161.13824
26,9,Masters,Mid,IT,Manager,4,17,0,34,2,3,5.150369608,7.926978205,2,2,Contract,Urban,Large,4,82637.74345
46,26,Bachelors,Mid,IT,Analyst,2,4,8,56,8,3,5.674066829,5.213737137,5,0,Part-time,Urban,Medium,4,101127.5514
26,1,Bachelors,Senior,IT,Clerk,3,8,9,36,12,3,2.623104955,1.501300003,2,2,Part-time,Urban,Small,3,53037.66496
44,11,Bachelors,Senior,Finance,Clerk,4,3,6,37,4,2,4.3935093,4.986225961,3,2,Full-time,Semi-Urban,Small,3,76353.98045
33,5,PhD,Mid,Sales,Clerk,5,3,4,53,10,7,2.64372239,8.366868808,5,2,Part-time,Urban,Medium,2,74801.96496
57,24,Masters,Mid,HR,Engineer,2,7,2,31,10,12,7.548238492,4.775470609,1,2,Full-time,Urban,Medium,1,91726.80322
59,24,Bachelors,Mid,Sales,Analyst,1,6,6,52,3,8,9.253164039,7.029726573,6,3,Full-time,Semi-Urban,Medium,2,102984.8359
52,0,PhD,Mid,Sales,Analyst,5,16,5,30,12,3,9.804372629,4.326241775,6,0,Contract,Semi-Urban,Small,1,53211.86276
33,6,PhD,Junior,IT,Clerk,4,13,1,48,10,12,2.800110376,9.991587513,9,3,Part-time,Rural,Small,3,72728.01539
37,5,Bachelors,Junior,HR,Clerk,1,12,3,45,9,10,2.067196783,1.758889092,8,3,Part-time,Rural,Medium,4,54763.86369
25,1,PhD,Mid,IT,Clerk,3,16,3,31,16,5,6.197173298,1.94624702,7,4,Full-time,Rural,Large,2,52068.66972
22,12,PhD,Mid,IT,Manager,5,10,7,33,14,1,5.611802706,2.377097597,4,2,Contract,Rural,Small,5,94741.31982
25,4,Masters,Mid,Sales,Engineer,5,5,9,38,16,9,2.697264322,6.042316373,4,2,Part-time,Urban,Large,3,70389.04397
33,19,Masters,Senior,Finance,Engineer,5,7,9,31,19,13,4.301078423,7.288423088,5,3,Contract,Semi-Urban,Medium,3,99002.18613
45,1,PhD,Senior,Finance,Engineer,5,10,3,49,16,1,7.150431781,9.573933814,5,1,Full-time,Urban,Large,1,70886.15236
27,21,PhD,Junior,IT,Clerk,3,12,7,59,10,9,1.103532532,2.247633604,8,1,Part-time,Rural,Medium,1,87762.69286
42,22,Masters,Mid,IT,Engineer,4,19,6,34,3,5,9.239626274,8.876354885,4,3,Full-time,Rural,Small,1,103205.2521
35,2,PhD,Junior,Finance,Analyst,3,5,2,55,9,8,6.386020516,2.732435628,5,2,Part-time,Semi-Urban,Small,3,59399.94327
44,16,Bachelors,Junior,IT,Engineer,5,18,9,42,12,7,6.27531732,9.457339719,5,2,Full-time,Semi-Urban,Medium,3,109010.125
22,12,PhD,Mid,HR,Engineer,5,6,6,59,7,6,2.477768481,9.369625382,3,3,Full-time,Semi-Urban,Large,4,76980.31894
44,25,PhD,Mid,HR,Analyst,1,7,8,58,5,12,7.529104182,5.790396789,6,4,Part-time,Urban,Large,5,101745.5803
26,26,Masters,Senior,IT,Manager,3,8,0,46,11,2,8.886946109,4.403140791,5,0,Full-time,Semi-Urban,Small,2,100779.7151
41,27,Masters,Senior,HR,Clerk,2,8,3,57,17,4,8.49835248,8.934492759,5,0,Contract,Semi-Urban,Small,1,112080.7438
31,13,PhD,Mid,HR,Clerk,3,13,8,52,2,8,6.557704969,1.066477957,3,0,Full-time,Urban,Large,3,82322.47852
48,14,PhD,Mid,IT,Manager,2,11,8,40,19,5,2.297468663,2.091010505,8,4,Part-time,Urban,Small,1,74459.68127
40,1,PhD,Junior,IT,Analyst,3,2,6,50,13,10,5.330083824,9.583490907,2,4,Contract,Rural,Small,1,63939.27291
46,19,Bachelors,Mid,HR,Manager,2,16,6,46,2,9,8.242085182,7.332846079,0,4,Part-time,Rural,Large,2,83245.50048
46,25,Bachelors,Mid,IT,Engineer,2,4,8,42,7,10,6.477867853,3.394342814,2,4,Part-time,Urban,Large,2,92125.07923
44,11,Bachelors,Senior,Finance,Clerk,4,3,6,37,4,2,4.3935093,4.986225961,3,2,Full-time,Semi-Urban,Small,3,76353.98045
43,13,PhD,Mid,Finance,Analyst,5,5,8,42,5,2,2.608340934,8.566991116,6,1,Contract,Semi-Urban,Large,1,98680.73027
48,15,Masters,Senior,Finance,Manager,4,14,4,47,0,13,7.126727427,4.356866868,9,2,Contract,Urban,Small,2,77297.96767
34,18,Masters,Junior,HR,Manager,3,1,5,59,4,10,1.342342447,2.82106624,7,3,Part-time,Semi-Urban,Small,4,74908.62194
35,14,Masters,Junior,HR,Engineer,1,19,9,35,13,13,7.275041884,7.485768273,0,4,Full-time,Urban,Small,3,69277.96381
42,1,Bachelors,Senior,IT,Engineer,2,5,0,32,16,13,1.929466118,1.490882234,3,4,Full-time,Semi-Urban,Medium,1,56891.5248
44,11,Bachelors,Senior,Finance,Clerk,4,3,6,37,4,2,4.3935093,4.986225961,3,2,Full-time,Semi-Urban,Small,3,76353.98045
43,9,Bachelors,Junior,Sales,Engineer,2,14,9,30,1,14,3.955506545,5.879851263,9,3,Part-time,Urban,Small,4,84420.32806
24,7,Masters,Junior,Finance,Manager,1,2,3,56,7,3,7.912019568,7.832916889,3,1,Full-time,Urban,Medium,4,57545.51983
48,12,Bachelors,Junior,Finance,Engineer,4,19,6,33,3,9,8.505803365,4.747241356,8,0,Part-time,Urban,Large,4,78879.49299
28,21,Masters,Mid,IT,Manager,4,12,6,58,6,8,9.631163689,1.359122619,3,2,Full-time,Rural,Large,5,111467.1108
27,3,PhD,Senior,Sales,Manager,5,7,8,31,18,12,6.417047545,5.618502914,0,0,Full-time,Semi-Urban,Large,5,67979.25104
24,8,PhD,Senior,IT,Engineer,3,6,7,56,19,6,9.282809134,5.316371544,5,4,Full-time,Semi-Urban,Small,4,71944.45499
37,18,Bachelors,Junior,Finance,Clerk,4,2,0,41,15,5,5.81246795,3.757759891,7,3,Part-time,Urban,Large,4,99234.77982
22,23,Masters,Senior,HR,Engineer,3,8,0,58,8,11,2.95308713,7.910299697,9,1,Part-time,Rural,Medium,5,100551.4468
42,2,Bachelors,Mid,Sales,Manager,4,12,7,33,1,12,7.437125138,4.910552616,4,4,Contract,Rural,Medium,4,49532.78828
58,27,Bachelors,Mid,Finance,Manager,1,11,7,31,16,6,4.012796695,2.845185329,4,1,Contract,Urban,Large,5,88511.01909
31,4,Bachelors,Senior,Finance,Manager,5,16,2,35,6,11,5.411095982,1.987010236,9,3,Full-time,Rural,Large,2,67805.50827
38,18,Bachelors,Mid,HR,Manager,3,10,9,53,10,1,4.8230887,7.98191795,1,0,Part-time,Semi-Urban,Large,4,94901.39024
27,8,PhD,Senior,Finance,Manager,3,19,8,41,11,13,3.415747497,2.902996612,1,1,Contract,Rural,Large,1,52745.34343
32,14,Bachelors,Mid,Sales,Engineer,5,11,6,48,13,5,7.295706153,4.983092501,8,0,Full-time,Urban,Large,1,83227.41715
26,19,Bachelors,Mid,Finance,Engineer,2,15,8,39,5,8,5.505353204,6.541387225,7,2,Part-time,Urban,Medium,5,79962.01787
26,13,Bachelors,Mid,Finance,Clerk,5,9,9,57,16,8,6.281671553,1.906372239,9,0,Part-time,Semi-Urban,Small,3,94964.31824
48,4,Masters,Mid,Finance,Engineer,4,7,9,57,13,5,3.07813625,1.347947106,9,4,Full-time,Urban,Large,3,46252.67278
34,13,PhD,Junior,Finance,Engineer,5,14,7,55,14,8,1.952535649,5.901315618,9,2,Full-time,Rural,Medium,5,82579.11439
44,16,Bachelors,Junior,IT,Engineer,5,18,9,42,12,7,6.27531732,9.457339719,5,2,Full-time,Semi-Urban,Medium,3,109010.125
50,3,Masters,Junior,Finance,Analyst,2,19,8,30,3,6,7.982277525,8.644853831,5,4,Full-time,Urban,Large,1,62997.10212
39,1,Masters,Mid,Sales,Clerk,3,6,3,30,14,8,2.332922856,5.597170662,9,1,Part-time,Rural,Medium,3,69322.52765
29,13,PhD,Junior,HR,Analyst,3,10,0,37,7,3,2.08300343,7.29703515,8,4,Contract,Semi-Urban,Large,1,90867.44561
51,0,PhD,Senior,HR,Engineer,3,15,8,34,15,5,1.542859777,7.557456294,8,0,Contract,Semi-Urban,Small,4,46575.80733
32,14,Bachelors,Mid,Sales,Engineer,5,11,6,48,13,5,7.295706153,4.983092501,8,0,Full-time,Urban,Large,1,83227.41715
35,2,PhD,Junior,Finance,Analyst,3,5,2,55,9,8,6.386020516,2.732435628,5,2,Part-time,Semi-Urban,Small,3,59399.94327
55,11,Bachelors,Senior,Sales,Engineer,4,19,6,56,10,5,4.7122509,4.477901082,7,3,Part-time,Rural,Medium,5,83356.7322
56,16,Bachelors,Mid,HR,Manager,5,8,3,40,3,4,4.266143965,9.156857265,5,2,Part-time,Rural,Large,2,99380.37268
41,21,PhD,Mid,HR,Analyst,4,6,6,30,19,7,7.981610536,6.579058558,3,4,Part-time,Rural,Large,5,113084.4808
26,19,PhD,Mid,Sales,Clerk,1,15,7,33,12,5,5.02881131,3.495473495,3,2,Full-time,Rural,Medium,4,70968.3795
33,16,Bachelors,Senior,Finance,Engineer,1,1,2,41,0,2,5.429570881,8.666691132,3,0,Part-time,Rural,Medium,4,77785.60024
36,27,Bachelors,Junior,Finance,Manager,4,6,6,52,19,4,2.547081884,3.910903745,6,1,Part-time,Urban,Medium,5,107000.1664
34,5,PhD,Mid,Sales,Manager,4,18,3,36,12,11,9.92240191,7.346280667,3,1,Full-time,Urban,Large,4,62708.93871
29,28,Masters,Senior,HR,Manager,5,19,5,32,3,1,2.527042486,8.320361411,4,2,Part-time,Rural,Medium,2,114971.4762
29,6,PhD,Mid,Sales,Engineer,4,7,9,57,18,13,1.560751568,4.618225152,2,3,Part-time,Rural,Small,1,80215.62175
24,5,Masters,Mid,Sales,Clerk,5,10,3,35,1,8,7.18889442,8.160680517,0,4,Part-time,Rural,Medium,2,66187.71104
47,22,Masters,Junior,Finance,Manager,5,14,3,45,14,7,1.252432771,7.914027755,4,0,Part-time,Semi-Urban,Small,4,106553.2661
26,18,PhD,Mid,HR,Manager,2,19,6,39,4,14,1.244816585,7.211891484,8,2,Part-time,Semi-Urban,Small,4,79999.08637
47,28,PhD,Senior,Sales,Manager,3,18,9,31,0,12,9.080996857,9.766880565,5,0,Contract,Semi-Urban,Small,4,108156.2535
36,27,Bachelors,Junior,Finance,Manager,4,6,6,52,19,4,2.547081884,3.910903745,6,1,Part-time,Urban,Medium,5,107000.1664
28,21,Masters,Mid,IT,Manager,4,12,6,58,6,8,9.631163689,1.359122619,3,2,Full-time,Rural,Large,5,111467.1108
33,5,PhD,Mid,Sales,Clerk,5,3,4,53,10,7,2.64372239,8.366868808,5,2,Part-time,Urban,Medium,2,74801.96496
52,5,Masters,Mid,Finance,Analyst,2,4,7,46,6,1,3.950222875,4.750922255,3,2,Contract,Rural,Large,4,50233.32958
47,22,Masters,Junior,Finance,Manager,5,14,3,45,14,7,1.252432771,7.914027755,4,0,Part-time,Semi-Urban,Small,4,106553.2661
31,13,PhD,Mid,HR,Clerk,3,13,8,52,2,8,6.557704969,1.066477957,3,0,Full-time,Urban,Large,3,82322.47852
27,3,PhD,Senior,Sales,Manager,5,7,8,31,18,12,6.417047545,5.618502914,0,0,Full-time,Semi-Urban,Large,5,67979.25104
23,9,PhD,Mid,HR,Manager,3,17,6,54,16,5,2.777141581,1.858099202,7,2,Part-time,Urban,Small,3,61587.86062
32,3,Bachelors,Junior,Finance,Engineer,5,4,2,51,7,1,6.09931716,5.102623998,0,2,Full-time,Urban,Small,1,56080.46596
31,26,PhD,Junior,Sales,Engineer,3,15,0,45,3,14,9.526527603,1.45256429,9,2,Full-time,Rural,Large,3,110933.6048
59,14,Masters,Junior,Sales,Clerk,3,6,5,59,4,14,1.781707409,6.126451762,1,4,Full-time,Rural,Large,3,86313.44952
26,13,Bachelors,Mid,Finance,Clerk,5,9,9,57,16,8,6.281671553,1.906372239,9,0,Part-time,Semi-Urban,Small,3,94964.31824
55,15,Bachelors,Junior,HR,Manager,2,5,0,42,5,3,2.622932784,7.248853478,6,3,Contract,Urban,Large,4,89739.55696
57,14,Bachelors,Senior,IT,Manager,4,3,9,40,9,10,7.716592692,8.414387848,9,2,Contract,Rural,Large,4,103393.8581
41,6,Bachelors,Senior,Sales,Manager,2,8,2,46,7,9,4.695557862,8.096600553,5,4,Part-time,Rural,Medium,3,73916.47853
55,8,PhD,Mid,Sales,Clerk,1,2,6,32,13,7,1.725894503,1.348260435,5,0,Full-time,Urban,Medium,3,62926.80703
42,3,PhD,Mid,IT,Clerk,5,10,2,50,12,13,3.945687866,8.446224015,3,3,Part-time,Rural,Small,5,64396.15668
25,9,PhD,Senior,HR,Analyst,1,1,6,53,2,7,6.149214741,2.481712673,4,1,Part-time,Rural,Large,5,72750.26995
40,16,Bachelors,Mid,HR,Manager,5,9,2,45,7,10,2.066054945,8.905218897,7,0,Contract,Urban,Large,1,108809.3176
33,6,PhD,Junior,IT,Clerk,4,13,1,48,10,12,2.800110376,9.991587513,9,3,Part-time,Rural,Small,3,72728.01539
29,8,Masters,Senior,HR,Clerk,3,9,4,33,12,13,8.445968178,7.400105133,0,3,Full-time,Urban,Large,1,80866.09434
51,25,Masters,Senior,IT,Clerk,4,17,8,44,12,12,4.261876495,7.316728585,8,1,Full-time,Urban,Large,3,104195.9508
30,6,Masters,Junior,Finance,Engineer,5,19,9,34,1,11,6.868990199,7.251590919,5,0,Contract,Urban,Medium,3,73879.8993
47,3,Masters,Mid,HR,Analyst,2,9,9,46,7,3,1.605501759,4.919712212,9,3,Contract,Semi-Urban,Large,3,61784.15641
32,18,PhD,Mid,Finance,Manager,2,8,2,46,15,1,8.317461669,1.582797689,6,2,Full-time,Semi-Urban,Large,1,92230.8189
29,13,PhD,Junior,HR,Analyst,3,10,0,37,7,3,2.08300343,7.29703515,8,4,Contract,Semi-Urban,Large,1,90867.44561
59,22,Bachelors,Junior,Finance,Manager,1,1,4,39,16,6,2.761785523,6.850364796,1,4,Part-time,Rural,Medium,2,98856.22328
55,2,Masters,Mid,Sales,Clerk,2,9,0,41,1,12,3.491763672,4.40547969,8,2,Full-time,Semi-Urban,Large,2,41523.3393
32,20,Bachelors,Junior,Sales,Manager,2,3,3,35,1,4,2.348000568,2.418336461,6,0,Full-time,Rural,Small,3,72887.00432
42,13,PhD,Junior,Sales,Engineer,2,4,9,53,15,14,7.477351707,1.469762268,0,3,Contract,Urban,Large,4,79701.06643
44,29,PhD,Senior,HR,Clerk,2,9,6,49,13,2,2.374385206,9.185382988,9,3,Full-time,Urban,Large,3,120428.8448
51,18,Bachelors,Senior,IT,Engineer,1,19,7,41,16,1,5.758167377,8.479403028,4,4,Part-time,Urban,Medium,2,93756.45101
49,4,Bachelors,Senior,HR,Analyst,1,15,1,32,6,11,8.722735475,3.555157688,7,1,Part-time,Rural,Small,5,69126.9247
37,5,Bachelors,Junior,HR,Clerk,1,12,3,45,9,10,2.067196783,1.758889092,8,3,Part-time,Rural,Medium,4,54763.86369
45,18,PhD,Mid,Finance,Clerk,3,12,9,33,16,4,2.326840844,2.121963438,9,4,Full-time,Rural,Small,5,83162.19697
49,4,Bachelors,Senior,HR,Analyst,1,15,1,32,6,11,8.722735475,3.555157688,7,1,Part-time,Rural,Small,5,69126.9247
27,23,Masters,Mid,IT,Clerk,2,3,4,42,5,11,7.972423504,4.965613616,5,0,Full-time,Rural,Small,3,93128.15984
27,2,Masters,Junior,IT,Analyst,5,5,2,55,12,10,1.678946581,6.324302925,0,1,Part-time,Rural,Large,3,51401.11009
27,21,PhD,Junior,IT,Clerk,3,12,7,59,10,9,1.103532532,2.247633604,8,1,Part-time,Rural,Medium,1,87762.69286
43,10,Bachelors,Senior,Sales,Engineer,2,16,7,34,9,3,2.474546489,5.274242072,6,3,Part-time,Rural,Medium,1,83240.63698
48,23,Bachelors,Senior,Sales,Analyst,3,3,7,44,6,6,1.138981923,3.859071299,2,3,Part-time,Rural,Medium,3,94774.86748
25,25,Masters,Junior,Finance,Clerk,1,7,4,35,3,9,6.681479891,3.824218862,8,1,Full-time,Urban,Large,2,103581.5425
42,5,Masters,Junior,IT,Engineer,5,11,7,47,16,8,4.093475718,3.009282447,8,0,Contract,Urban,Medium,2,53659.61465
54,2,PhD,Senior,HR,Manager,1,2,1,57,2,8,8.286027595,6.527359113,7,1,Contract,Rural,Small,4,68564.85853
26,26,Masters,Mid,Sales,Clerk,1,17,0,41,5,12,7.150920329,5.123772966,4,4,Part-time,Urban,Large,2,114986.4479
27,8,PhD,Senior,Finance,Manager,3,19,8,41,11,13,3.415747497,2.902996612,1,1,Contract,Rural,Large,1,52745.34343
31,12,Bachelors,Junior,HR,Engineer,4,13,8,54,14,8,1.233614938,3.953010254,2,4,Contract,Urban,Medium,5,62649.22724
30,4,Masters,Senior,Sales,Analyst,4,8,3,45,14,10,1.824052034,6.477917644,3,4,Contract,Urban,Medium,5,53118.55321
54,29,Bachelors,Junior,HR,Analyst,4,10,6,36,2,10,6.078664282,2.349630547,0,2,Part-time,Urban,Small,5,119074.2209
44,15,Masters,Junior,Sales,Manager,5,19,6,47,1,9,1.724119065,9.721098492,9,0,Contract,Rural,Large,5,79884.43726
27,3,PhD,Senior,Sales,Manager,5,7,8,31,18,12,6.417047545,5.618502914,0,0,Full-time,Semi-Urban,Large,5,67979.25104
41,6,Bachelors,Senior,Sales,Manager,2,8,2,46,7,9,4.695557862,8.096600553,5,4,Part-time,Rural,Medium,3,73916.47853
44,27,PhD,Senior,HR,Clerk,1,8,8,52,14,4,9.918465337,4.085191815,6,0,Full-time,Semi-Urban,Large,1,110404.6955
26,9,Masters,Mid,IT,Manager,4,17,0,34,2,3,5.150369608,7.926978205,2,2,Contract,Urban,Large,4,82637.74345
53,17,Masters,Mid,Finance,Analyst,3,16,4,32,3,12,8.83770211,5.83560946,6,2,Part-time,Rural,Small,2,91829.43346
33,21,PhD,Senior,Finance,Engineer,2,6,5,56,9,8,6.296772001,5.76114237,5,3,Full-time,Urban,Medium,4,94857.14285
29,8,Masters,Senior,HR,Clerk,3,9,4,33,12,13,8.445968178,7.400105133,0,3,Full-time,Urban,Large,1,80866.09434
51,24,PhD,Junior,Finance,Manager,2,13,9,44,9,3,4.851663876,4.251013691,6,2,Full-time,Semi-Urban,Large,3,90425.8803
54,18,PhD,Senior,Finance,Analyst,2,8,3,46,4,7,8.617936176,1.594477282,1,0,Contract,Rural,Large,3,88743.30891
34,18,Masters,Junior,HR,Manager,3,1,5,59,4,10,1.342342447,2.82106624,7,3,Part-time,Semi-Urban,Small,4,74908.62194
25,25,Masters,Junior,Finance,Clerk,1,7,4,35,3,9,6.681479891,3.824218862,8,1,Full-time,Urban,Large,2,103581.5425
51,28,Masters,Senior,Finance,Clerk,1,17,5,46,3,3,9.236342549,6.95788122,2,1,Full-time,Rural,Small,4,99057.80001
28,14,Masters,Senior,Sales,Manager,4,18,1,54,0,10,3.097397829,6.207734011,4,0,Part-time,Urban,Large,2,89627.67864
24,16,PhD,Senior,IT,Engineer,1,2,2,57,12,14,2.94978094,1.723624307,8,2,Part-time,Semi-Urban,Medium,4,70877.13011
58,28,PhD,Senior,IT,Manager,4,2,9,36,11,11,8.218634838,7.090569745,7,2,Full-time,Rural,Large,5,133596.3185
25,25,Masters,Junior,Finance,Clerk,1,7,4,35,3,9,6.681479891,3.824218862,8,1,Full-time,Urban,Large,2,103581.5425
53,16,Bachelors,Mid,Finance,Analyst,1,18,1,45,5,11,9.218042515,1.801527645,7,3,Full-time,Urban,Small,2,68236.87569
24,1,Bachelors,Junior,HR,Manager,5,6,3,50,0,12,2.684488847,3.232535906,0,3,Contract,Rural,Large,4,61432.53193
30,4,Masters,Senior,Sales,Analyst,4,8,3,45,14,10,1.824052034,6.477917644,3,4,Contract,Urban,Medium,5,53118.55321
36,27,Bachelors,Junior,Finance,Manager,4,6,6,52,19,4,2.547081884,3.910903745,6,1,Part-time,Urban,Medium,5,107000.1664
32,10,Masters,Mid,IT,Manager,5,19,1,59,7,9,7.411196271,5.739356101,6,4,Part-time,Urban,Large,3,79724.42359
48,4,Masters,Mid,Finance,Engineer,4,7,9,57,13,5,3.07813625,1.347947106,9,4,Full-time,Urban,Large,3,46252.67278
25,4,Masters,Junior,Sales,Clerk,4,16,1,58,7,6,9.116349259,8.807959265,0,0,Full-time,Urban,Large,5,70959.90038
39,21,Bachelors,Senior,Sales,Manager,4,13,8,32,9,2,1.677920852,1.267325515,8,0,Full-time,Rural,Large,1,103854.7115
35,11,Bachelors,Mid,Finance,Manager,5,18,7,40,13,5,9.058329828,1.040926063,8,1,Full-time,Urban,Medium,1,75766.4411
52,5,Masters,Mid,Finance,Analyst,2,4,7,46,6,1,3.950222875,4.750922255,3,2,Contract,Rural,Large,4,50233.32958
36,9,Bachelors,Senior,Sales,Manager,4,2,2,44,7,4,4.508147219,9.981973622,5,2,Part-time,Urban,Medium,5,95470.51557
44,16,Bachelors,Junior,IT,Engineer,5,18,9,42,12,7,6.27531732,9.457339719,5,2,Full-time,Semi-Urban,Medium,3,109010.125
32,14,Bachelors,Mid,Sales,Engineer,5,11,6,48,13,5,7.295706153,4.983092501,8,0,Full-time,Urban,Large,1,83227.41715
54,29,Bachelors,Junior,HR,Analyst,4,10,6,36,2,10,6.078664282,2.349630547,0,2,Part-time,Urban,Small,5,119074.2209
32,9,PhD,Senior,Finance,Analyst,1,13,6,50,4,2,2.842334869,1.768498895,0,4,Part-time,Urban,Medium,3,68734.53354
25,1,PhD,Mid,IT,Clerk,3,16,3,31,16,5,6.197173298,1.94624702,7,4,Full-time,Rural,Large,2,52068.66972
44,27,PhD,Senior,HR,Clerk,1,8,8,52,14,4,9.918465337,4.085191815,6,0,Full-time,Semi-Urban,Large,1,110404.6955
44,16,Bachelors,Junior,IT,Engineer,5,18,9,42,12,7,6.27531732,9.457339719,5,2,Full-time,Semi-Urban,Medium,3,109010.125
43,2,Masters,Junior,IT,Analyst,1,14,6,32,7,2,3.772832166,6.33284714,3,2,Part-time,Urban,Medium,2,47903.24873
33,16,Bachelors,Senior,Finance,Engineer,1,1,2,41,0,2,5.429570881,8.666691132,3,0,Part-time,Rural,Medium,4,77785.60024
58,29,Masters,Senior,HR,Manager,5,11,8,48,5,10,8.468222079,4.771477846,2,0,Full-time,Rural,Small,5,125430.9955
50,24,Masters,Mid,IT,Analyst,4,8,5,47,6,13,5.993978501,1.394019696,6,3,Full-time,Rural,Small,5,106390.8021
40,18,Masters,Senior,Sales,Analyst,4,1,3,44,4,5,1.421983481,2.643267182,6,0,Full-time,Urban,Medium,4,101624.9041
28,5,Masters,Mid,IT,Engineer,3,5,8,45,19,10,7.029439351,4.549756335,9,4,Contract,Urban,Medium,5,59435.14695
52,5,Masters,Mid,Finance,Analyst,2,4,7,46,6,1,3.950222875,4.750922255,3,2,Contract,Rural,Large,4,50233.32958
43,9,Bachelors,Junior,Sales,Engineer,2,14,9,30,1,14,3.955506545,5.879851263,9,3,Part-time,Urban,Small,4,84420.32806
29,28,PhD,Senior,IT,Analyst,3,2,9,30,6,7,5.003917063,3.666449412,9,0,Full-time,Semi-Urban,Small,4,108891.6564
42,3,PhD,Mid,IT,Clerk,5,10,2,50,12,13,3.945687866,8.446224015,3,3,Part-time,Rural,Small,5,64396.15668
51,18,Bachelors,Senior,IT,Engineer,1,19,7,41,16,1,5.758167377,8.479403028,4,4,Part-time,Urban,Medium,2,93756.45101
54,5,PhD,Senior,IT,Engineer,2,12,0,35,7,1,5.138956689,2.678842462,3,3,Full-time,Semi-Urban,Large,4,44976.56764
23,3,Bachelors,Junior,IT,Engineer,5,12,5,35,8,5,6.558703533,7.652723798,8,0,Full-time,Semi-Urban,Large,5,64224.97209
51,29,Bachelors,Senior,Finance,Manager,2,5,3,36,11,14,8.414394883,9.301310681,1,3,Part-time,Rural,Small,4,127968.9677
48,12,Bachelors,Junior,Finance,Engineer,4,19,6,33,3,9,8.505803365,4.747241356,8,0,Part-time,Urban,Large,4,78879.49299
48,4,Masters,Mid,Finance,Engineer,4,7,9,57,13,5,3.07813625,1.347947106,9,4,Full-time,Urban,Large,3,46252.67278
32,27,Masters,Senior,Finance,Clerk,2,9,0,43,7,12,8.821658393,4.911509754,2,4,Part-time,Semi-Urban,Medium,2,102044.4701
42,26,Masters,Junior,IT,Clerk,1,16,7,39,11,13,7.079470695,9.986797456,4,3,Full-time,Semi-Urban,Small,2,118258.6276
32,20,Bachelors,Junior,Sales,Manager,2,3,3,35,1,4,2.348000568,2.418336461,6,0,Full-time,Rural,Small,3,72887.00432
34,1,Bachelors,Junior,Finance,Manager,4,14,4,54,13,6,6.216469584,9.757815533,0,2,Contract,Semi-Urban,Small,2,81686.84822
42,22,Bachelors,Senior,IT,Manager,1,9,9,50,4,10,4.737848306,6.802419288,1,4,Part-time,Semi-Urban,Medium,1,95924.75145
30,0,Masters,Senior,Finance,Engineer,1,5,2,50,13,2,8.567451278,1.140016982,9,2,Part-time,Rural,Large,1,49403.47166
46,2,Bachelors,Mid,IT,Manager,3,3,2,39,4,9,8.06381227,6.053601513,1,3,Contract,Urban,Medium,5,54061.13409
30,6,Masters,Junior,Finance,Engineer,5,19,9,34,1,11,6.868990199,7.251590919,5,0,Contract,Urban,Medium,3,73879.8993
57,24,Masters,Mid,HR,Engineer,2,7,2,31,10,12,7.548238492,4.775470609,1,2,Full-time,Urban,Medium,1,91726.80322
50,10,PhD,Junior,Finance,Manager,2,4,8,57,13,3,5.918406837,9.314301533,4,3,Part-time,Rural,Small,4,90100.56868
43,9,Bachelors,Junior,Sales,Engineer,2,14,9,30,1,14,3.955506545,5.879851263,9,3,Part-time,Urban,Small,4,84420.32806
41,5,Bachelors,Mid,Sales,Manager,4,19,9,36,11,8,3.236978727,8.678019902,4,0,Contract,Rural,Large,2,68355.60261
33,19,Masters,Senior,Finance,Engineer,5,7,9,31,19,13,4.301078423,7.288423088,5,3,Contract,Semi-Urban,Medium,3,99002.18613
30,16,Masters,Senior,Sales,Engineer,2,14,8,37,18,9,2.505524708,6.648829439,2,1,Part-time,Urban,Medium,4,82874.12003
55,24,Bachelors,Mid,HR,Clerk,4,16,0,54,8,13,4.999186425,1.678550852,8,3,Part-time,Urban,Small,2,89578.44745
30,21,Bachelors,Mid,HR,Manager,5,4,0,54,17,9,7.553821414,5.151107709,7,3,Part-time,Rural,Medium,2,120411.1507
48,14,PhD,Mid,IT,Manager,2,11,8,40,19,5,2.297468663,2.091010505,8,4,Part-time,Urban,Small,1,74459.68127
25,25,Masters,Junior,Finance,Clerk,1,7,4,35,3,9,6.681479891,3.824218862,8,1,Full-time,Urban,Large,2,103581.5425
28,11,PhD,Junior,Sales,Engineer,5,12,4,33,14,3,1.985910248,5.023872286,8,1,Full-time,Rural,Large,4,69443.55699
39,16,Bachelors,Junior,IT,Clerk,4,10,5,52,11,4,5.771707568,6.371175319,4,4,Part-time,Semi-Urban,Small,4,98155.11795
24,24,Bachelors,Mid,Finance,Analyst,4,11,2,43,14,7,7.602303655,7.722669797,4,2,Full-time,Urban,Large,2,114036.5074
25,1,Bachelors,Mid,Finance,Manager,4,19,1,46,6,12,9.952870135,5.764354891,6,3,Contract,Rural,Large,5,80431.096
46,19,Bachelors,Mid,HR,Manager,2,16,6,46,2,9,8.242085182,7.332846079,0,4,Part-time,Rural,Large,2,83245.50048
36,23,Masters,Mid,HR,Engineer,4,1,4,36,17,12,6.626758426,8.686868744,3,4,Part-time,Urban,Medium,1,116050.0009
28,4,Masters,Junior,IT,Engineer,1,17,0,52,1,10,3.84293642,6.406888805,5,2,Contract,Urban,Small,1,64479.20299
40,6,PhD,Senior,IT,Analyst,1,10,9,51,10,14,3.369930783,3.716000313,0,4,Part-time,Urban,Medium,1,61775.13116
42,20,Masters,Mid,Sales,Clerk,2,8,0,49,9,5,3.423082989,7.255237163,6,0,Part-time,Semi-Urban,Large,5,103827.3676
24,1,Bachelors,Junior,HR,Manager,5,6,3,50,0,12,2.684488847,3.232535906,0,3,Contract,Rural,Large,4,61432.53193
33,16,Bachelors,Senior,Finance,Engineer,1,1,2,41,0,2,5.429570881,8.666691132,3,0,Part-time,Rural,Medium,4,77785.60024
24,8,PhD,Senior,IT,Engineer,3,6,7,56,19,6,9.282809134,5.316371544,5,4,Full-time,Semi-Urban,Small,4,71944.45499
55,25,Bachelors,Senior,HR,Engineer,2,6,4,46,3,12,6.651480695,5.482468354,7,1,Full-time,Rural,Medium,5,115306.4427
46,2,Bachelors,Mid,IT,Manager,3,3,2,39,4,9,8.06381227,6.053601513,1,3,Contract,Urban,Medium,5,54061.13409
42,13,PhD,Junior,Sales,Engineer,2,4,9,53,15,14,7.477351707,1.469762268,0,3,Contract,Urban,Large,4,79701.06643
51,0,PhD,Senior,HR,Engineer,3,15,8,34,15,5,1.542859777,7.557456294,8,0,Contract,Semi-Urban,Small,4,46575.80733
24,8,PhD,Senior,IT,Engineer,3,6,7,56,19,6,9.282809134,5.316371544,5,4,Full-time,Semi-Urban,Small,4,71944.45499
44,11,Bachelors,Senior,Finance,Clerk,4,3,6,37,4,2,4.3935093,4.986225961,3,2,Full-time,Semi-Urban,Small,3,76353.98045
29,21,Bachelors,Junior,Finance,Manager,5,6,9,57,12,11,6.106541795,2.673031288,8,2,Part-time,Semi-Urban,Medium,1,90024.17934
24,7,Masters,Junior,Finance,Manager,1,2,3,56,7,3,7.912019568,7.832916889,3,1,Full-time,Urban,Medium,4,57545.51983
26,9,Masters,Mid,IT,Manager,4,17,0,34,2,3,5.150369608,7.926978205,2,2,Contract,Urban,Large,4,82637.74345
21,21,Bachelors,Junior,Finance,Engineer,3,9,6,58,7,12,1.589989171,5.713641799,9,3,Full-time,Urban,Large,2,93665.35933
48,15,Masters,Senior,Finance,Manager,4,14,4,47,0,13,7.126727427,4.356866868,9,2,Contract,Urban,Small,2,77297.96767
54,19,Masters,Junior,IT,Clerk,1,4,4,37,8,10,4.723238967,7.87743138,6,0,Full-time,Urban,Medium,2,76318.15662
44,11,Bachelors,Senior,Finance,Clerk,4,3,6,37,4,2,4.3935093,4.986225961,3,2,Full-time,Semi-Urban,Small,3,76353.98045
32,18,PhD,Mid,Finance,Manager,2,8,2,46,15,1,8.317461669,1.582797689,6,2,Full-time,Semi-Urban,Large,1,92230.8189
55,25,Bachelors,Senior,HR,Engineer,2,6,4,46,3,12,6.651480695,5.482468354,7,1,Full-time,Rural,Medium,5,115306.4427
57,14,Bachelors,Senior,IT,Manager,4,3,9,40,9,10,7.716592692,8.414387848,9,2,Contract,Rural,Large,4,103393.8581
55,25,Bachelors,Senior,HR,Engineer,2,6,4,46,3,12,6.651480695,5.482468354,7,1,Full-time,Rural,Medium,5,115306.4427
58,17,Bachelors,Junior,HR,Manager,1,6,8,54,5,1,5.675067185,3.543917307,9,3,Contract,Rural,Large,4,69022.76795
56,6,Masters,Mid,HR,Engineer,3,4,6,54,8,1,2.490966656,4.153046252,5,0,Part-time,Rural,Medium,1,56504.62216
31,15,Bachelors,Mid,Finance,Manager,2,3,9,44,1,1,8.985886987,2.728707275,5,2,Contract,Rural,Large,2,77414.33572
29,19,PhD,Senior,Sales,Manager,4,14,3,41,19,2,1.273690399,7.978379513,3,3,Full-time,Urban,Small,3,82419.74581
25,1,Bachelors,Mid,Finance,Manager,4,19,1,46,6,12,9.952870135,5.764354891,6,3,Contract,Rural,Large,5,80431.096
43,13,PhD,Mid,Finance,Analyst,5,5,8,42,5,2,2.608340934,8.566991116,6,1,Contract,Semi-Urban,Large,1,98680.73027
26,26,Masters,Mid,Sales,Clerk,1,17,0,41,5,12,7.150920329,5.123772966,4,4,Part-time,Urban,Large,2,114986.4479
31,12,Bachelors,Junior,HR,Engineer,4,13,8,54,14,8,1.233614938,3.953010254,2,4,Contract,Urban,Medium,5,62649.22724
31,13,PhD,Mid,HR,Clerk,3,13,8,52,2,8,6.557704969,1.066477957,3,0,Full-time,Urban,Large,3,82322.47852
24,8,Bachelors,Mid,Finance,Analyst,4,8,9,46,14,3,3.124740194,1.785078829,4,3,Part-time,Semi-Urban,Small,4,63886.83479
35,2,PhD,Junior,Finance,Analyst,3,5,2,55,9,8,6.386020516,2.732435628,5,2,Part-time,Semi-Urban,Small,3,59399.94327
32,10,Masters,Mid,IT,Manager,5,19,1,59,7,9,7.411196271,5.739356101,6,4,Part-time,Urban,Large,3,79724.42359
41,18,Bachelors,Mid,HR,Analyst,3,10,7,40,17,7,4.072910868,5.946919772,8,0,Contract,Rural,Small,2,94737.21459
23,2,PhD,Senior,HR,Clerk,5,1,1,37,10,2,2.244037869,9.717595762,6,0,Contract,Urban,Small,2,63044.15278
24,7,Masters,Junior,Finance,Manager,1,2,3,56,7,3,7.912019568,7.832916889,3,1,Full-time,Urban,Medium,4,57545.51983
52,0,PhD,Mid,Sales,Analyst,5,16,5,30,12,3,9.804372629,4.326241775,6,0,Contract,Semi-Urban,Small,1,53211.86276
40,4,PhD,Junior,Finance,Engineer,4,7,7,49,11,8,8.525436058,2.369503568,3,2,Contract,Urban,Medium,2,63169.84034
44,16,Bachelors,Junior,IT,Engineer,5,18,9,42,12,7,6.27531732,9.457339719,5,2,Full-time,Semi-Urban,Medium,3,109010.125
59,22,Bachelors,Junior,Finance,Manager,1,1,4,39,16,6,2.761785523,6.850364796,1,4,Part-time,Rural,Medium,2,98856.22328
53,17,Masters,Mid,Finance,Analyst,3,16,4,32,3,12,8.83770211,5.83560946,6,2,Part-time,Rural,Small,2,91829.43346
31,4,Bachelors,Senior,Finance,Manager,5,16,2,35,6,11,5.411095982,1.987010236,9,3,Full-time,Rural,Large,2,67805.50827
53,19,Masters,Mid,HR,Clerk,4,19,0,55,11,3,7.345488464,8.839021288,0,2,Full-time,Rural,Small,1,97581.31401
44,17,PhD,Junior,IT,Clerk,4,2,0,58,11,14,2.087653047,4.000179383,7,2,Full-time,Urban,Large,3,94988.86831
43,9,Bachelors,Junior,Sales,Engineer,2,14,9,30,1,14,3.955506545,5.879851263,9,3,Part-time,Urban,Small,4,84420.32806
26,26,Masters,Mid,Sales,Clerk,1,17,0,41,5,12,7.150920329,5.123772966,4,4,Part-time,Urban,Large,2,114986.4479
49,4,Bachelors,Senior,HR,Analyst,1,15,1,32,6,11,8.722735475,3.555157688,7,1,Part-time,Rural,Small,5,69126.9247
30,21,Bachelors,Mid,HR,Manager,5,4,0,54,17,9,7.553821414,5.151107709,7,3,Part-time,Rural,Medium,2,120411.1507
28,5,Masters,Mid,IT,Engineer,3,5,8,45,19,10,7.029439351,4.549756335,9,4,Contract,Urban,Medium,5,59435.14695
55,8,PhD,Mid,Sales,Clerk,1,2,6,32,13,7,1.725894503,1.348260435,5,0,Full-time,Urban,Medium,3,62926.80703
48,9,Bachelors,Junior,HR,Analyst,5,12,0,55,14,4,9.87186542,1.233895005,6,2,Full-time,Semi-Urban,Large,4,77260.53943
51,0,PhD,Senior,HR,Engineer,3,15,8,34,15,5,1.542859777,7.557456294,8,0,Contract,Semi-Urban,Small,4,46575.80733
22,15,Bachelors,Junior,IT,Engineer,5,2,6,47,18,10,4.896770332,8.786507805,5,4,Part-time,Semi-Urban,Medium,5,93725.5797
23,15,PhD,Junior,HR,Clerk,2,14,3,48,12,13,1.673129765,7.058181882,3,2,Part-time,Semi-Urban,Medium,5,86989.94802
27,8,PhD,Senior,Finance,Manager,3,19,8,41,11,13,3.415747497,2.902996612,1,1,Contract,Rural,Large,1,52745.34343
48,14,PhD,Mid,IT,Manager,2,11,8,40,19,5,2.297468663,2.091010505,8,4,Part-time,Urban,Small,1,74459.68127
31,18,Bachelors,Junior,Sales,Manager,1,19,5,38,15,13,3.776204562,5.791128767,8,2,Full-time,Rural,Large,1,75057.55908
26,25,Masters,Junior,HR,Manager,2,2,4,54,5,7,2.361405792,3.741892835,6,2,Full-time,Rural,Small,4,83386.67719
51,0,PhD,Senior,HR,Engineer,3,15,8,34,15,5,1.542859777,7.557456294,8,0,Contract,Semi-Urban,Small,4,46575.80733
40,26,Bachelors,Junior,Sales,Clerk,4,2,7,33,7,11,9.418315267,8.976063231,5,3,Part-time,Rural,Medium,2,109469.5911
43,21,Bachelors,Mid,Sales,Engineer,2,9,4,39,11,10,6.166889456,1.262502612,4,1,Full-time,Semi-Urban,Large,3,88443.89259
44,29,PhD,Senior,HR,Clerk,2,9,6,49,13,2,2.374385206,9.185382988,9,3,Full-time,Urban,Large,3,120428.8448
32,20,Bachelors,Junior,Sales,Manager,2,3,3,35,1,4,2.348000568,2.418336461,6,0,Full-time,Rural,Small,3,72887.00432
38,10,PhD,Junior,IT,Manager,1,10,6,37,7,12,6.195834777,5.578170141,0,1,Contract,Semi-Urban,Large,4,79245.63895
24,15,Bachelors,Junior,Sales,Clerk,4,7,9,32,7,3,3.246641862,7.660470651,4,4,Full-time,Semi-Urban,Medium,5,97850.20664
29,13,PhD,Senior,Sales,Analyst,1,18,8,52,10,5,9.064508762,3.738848377,2,1,Full-time,Urban,Medium,4,71321.12681
26,18,PhD,Mid,HR,Manager,2,19,6,39,4,14,1.244816585,7.211891484,8,2,Part-time,Semi-Urban,Small,4,79999.08637
51,28,Masters,Senior,Finance,Clerk,1,17,5,46,3,3,9.236342549,6.95788122,2,1,Full-time,Rural,Small,4,99057.80001
42,13,PhD,Junior,Sales,Engineer,2,4,9,53,15,14,7.477351707,1.469762268,0,3,Contract,Urban,Large,4,79701.06643
53,25,PhD,Senior,Sales,Analyst,5,6,1,57,6,9,2.044429714,7.951111375,4,4,Full-time,Semi-Urban,Small,4,106011.7634
33,19,Masters,Senior,Finance,Engineer,5,7,9,31,19,13,4.301078423,7.288423088,5,3,Contract,Semi-Urban,Medium,3,99002.18613
22,26,Bachelors,Junior,IT,Engineer,1,9,9,47,6,14,8.841642942,2.120319207,5,1,Part-time,Semi-Urban,Small,3,114815.026
34,5,PhD,Mid,Sales,Manager,4,18,3,36,12,11,9.92240191,7.346280667,3,1,Full-time,Urban,Large,4,62708.93871
51,25,Masters,Senior,IT,Clerk,4,17,8,44,12,12,4.261876495,7.316728585,8,1,Full-time,Urban,Large,3,104195.9508
51,29,Bachelors,Senior,Finance,Manager,2,5,3,36,11,14,8.414394883,9.301310681,1,3,Part-time,Rural,Small,4,127968.9677
53,17,Masters,Mid,Finance,Analyst,3,16,4,32,3,12,8.83770211,5.83560946,6,2,Part-time,Rural,Small,2,91829.43346
48,12,Bachelors,Junior,Finance,Engineer,4,19,6,33,3,9,8.505803365,4.747241356,8,0,Part-time,Urban,Large,4,78879.49299
30,4,Masters,Senior,Sales,Analyst,4,8,3,45,14,10,1.824052034,6.477917644,3,4,Contract,Urban,Medium,5,53118.55321
45,27,Masters,Mid,Sales,Clerk,3,18,1,40,4,11,5.524392913,6.466675204,7,4,Part-time,Urban,Small,2,124511.4032
32,27,PhD,Senior,Sales,Analyst,1,8,4,55,0,13,5.013422449,4.636595126,8,0,Part-time,Rural,Medium,1,110410.3366
55,7,Bachelors,Junior,Finance,Manager,3,1,2,59,3,11,7.174794071,3.866120139,0,1,Contract,Semi-Urban,Large,5,74161.13824
25,25,Masters,Junior,Finance,Clerk,1,7,4,35,3,9,6.681479891,3.824218862,8,1,Full-time,Urban,Large,2,103581.5425
50,10,PhD,Junior,Finance,Manager,2,4,8,57,13,3,5.918406837,9.314301533,4,3,Part-time,Rural,Small,4,90100.56868
30,4,Masters,Senior,Sales,Analyst,4,8,3,45,14,10,1.824052034,6.477917644,3,4,Contract,Urban,Medium,5,53118.55321
45,11,PhD,Junior,IT,Manager,1,3,3,45,17,2,2.661476691,6.81402972,7,0,Full-time,Urban,Large,2,78694.31235
27,2,Masters,Junior,IT,Analyst,5,5,2,55,12,10,1.678946581,6.324302925,0,1,Part-time,Rural,Large,3,51401.11009
54,29,Bachelors,Junior,HR,Analyst,4,10,6,36,2,10,6.078664282,2.349630547,0,2,Part-time,Urban,Small,5,119074.2209
39,2,Bachelors,Junior,Sales,Manager,5,16,2,52,2,11,8.781503835,7.62581602,9,3,Part-time,Semi-Urban,Medium,5,86006.48306
29,13,PhD,Senior,Sales,Analyst,1,18,8,52,10,5,9.064508762,3.738848377,2,1,Full-time,Urban,Medium,4,71321.12681
29,28,PhD,Senior,IT,Analyst,3,2,9,30,6,7,5.003917063,3.666449412,9,0,Full-time,Semi-Urban,Small,4,108891.6564
40,4,PhD,Junior,Finance,Engineer,4,7,7,49,11,8,8.525436058,2.369503568,3,2,Contract,Urban,Medium,2,63169.84034
24,5,Masters,Mid,Sales,Clerk,5,10,3,35,1,8,7.18889442,8.160680517,0,4,Part-time,Rural,Medium,2,66187.71104
25,1,PhD,Mid,IT,Clerk,3,16,3,31,16,5,6.197173298,1.94624702,7,4,Full-time,Rural,Large,2,52068.66972
55,24,Bachelors,Mid,HR,Clerk,4,16,0,54,8,13,4.999186425,1.678550852,8,3,Part-time,Urban,Small,2,89578.44745
42,20,Masters,Mid,Sales,Clerk,2,8,0,49,9,5,3.423082989,7.255237163,6,0,Part-time,Semi-Urban,Large,5,103827.3676
31,12,Masters,Senior,Sales,Engineer,2,9,9,56,1,10,5.181523408,9.858816481,4,0,Contract,Rural,Medium,2,95518.10318
48,14,PhD,Mid,IT,Manager,2,11,8,40,19,5,2.297468663,2.091010505,8,4,Part-time,Urban,Small,1,74459.68127
36,18,Masters,Mid,HR,Manager,3,13,6,53,0,2,6.641045576,1.837833525,8,2,Full-time,Semi-Urban,Large,3,98635.44581
37,5,Bachelors,Junior,HR,Engineer,5,6,5,37,12,12,2.422863056,9.926000225,2,3,Part-time,Rural,Medium,2,68190.06333
24,7,Masters,Junior,Finance,Manager,1,2,3,56,7,3,7.912019568,7.832916889,3,1,Full-time,Urban,Medium,4,57545.51983
45,26,PhD,Junior,Sales,Analyst,3,3,4,52,7,7,5.161135602,3.691446442,5,0,Contract,Semi-Urban,Medium,5,94991.87133
55,25,Bachelors,Senior,HR,Engineer,2,6,4,46,3,12,6.651480695,5.482468354,7,1,Full-time,Rural,Medium,5,115306.4427
40,18,Masters,Junior,HR,Clerk,4,13,3,43,11,6,8.988697028,8.694290643,1,1,Full-time,Urban,Large,2,115097.8458
27,0,PhD,Mid,Finance,Analyst,2,12,9,52,4,12,7.419959911,5.116441787,4,4,Full-time,Urban,Small,5,67639.69006
26,29,Masters,Junior,IT,Analyst,1,10,1,33,0,14,6.576695144,4.70258537,9,1,Contract,Urban,Small,5,115291.7976
45,0,Bachelors,Mid,IT,Clerk,4,15,0,31,18,2,2.367687856,7.969801917,5,1,Contract,Rural,Small,5,54365.45016
55,2,Masters,Mid,Sales,Clerk,2,9,0,41,1,12,3.491763672,4.40547969,8,2,Full-time,Semi-Urban,Large,2,41523.3393
45,19,Bachelors,Mid,Sales,Manager,2,15,0,32,12,3,8.494139347,2.454671194,2,4,Part-time,Urban,Medium,3,104949.7448
33,16,Bachelors,Senior,Finance,Engineer,1,1,2,41,0,2,5.429570881,8.666691132,3,0,Part-time,Rural,Medium,4,77785.60024
34,13,PhD,Junior,Finance,Engineer,5,14,7,55,14,8,1.952535649,5.901315618,9,2,Full-time,Rural,Medium,5,82579.11439
47,22,Masters,Junior,Finance,Manager,5,14,3,45,14,7,1.252432771,7.914027755,4,0,Part-time,Semi-Urban,Small,4,106553.2661
30,6,PhD,Mid,IT,Engineer,5,12,9,56,8,11,6.019136852,9.140243547,8,0,Part-time,Urban,Small,3,82725.42911
37,18,Bachelors,Junior,Finance,Clerk,4,2,0,41,15,5,5.81246795,3.757759891,7,3,Part-time,Urban,Large,4,99234.77982
40,4,PhD,Junior,Finance,Engineer,4,7,7,49,11,8,8.525436058,2.369503568,3,2,Contract,Urban,Medium,2,63169.84034
29,8,Masters,Senior,HR,Clerk,3,9,4,33,12,13,8.445968178,7.400105133,0,3,Full-time,Urban,Large,1,80866.09434
52,0,PhD,Mid,Sales,Analyst,5,16,5,30,12,3,9.804372629,4.326241775,6,0,Contract,Semi-Urban,Small,1,53211.86276
30,10,PhD,Senior,IT,Manager,2,2,9,33,13,5,2.117229167,9.877912737,7,2,Full-time,Rural,Large,4,75140.72445
29,6,PhD,Mid,Sales,Engineer,4,7,9,57,18,13,1.560751568,4.618225152,2,3,Part-time,Rural,Small,1,80215.62175
53,25,PhD,Senior,Sales,Analyst,5,6,1,57,6,9,2.044429714,7.951111375,4,4,Full-time,Semi-Urban,Small,4,106011.7634
55,14,PhD,Senior,Finance,Analyst,3,9,1,49,16,4,6.419333729,2.887663406,2,2,Part-time,Urban,Medium,5,83143.52982
37,21,Masters,Junior,Finance,Clerk,4,4,0,42,1,12,6.122859377,9.883976076,7,2,Full-time,Urban,Medium,1,104452.6307
50,26,Bachelors,Junior,Sales,Clerk,2,10,5,44,16,7,9.283452357,8.345527235,4,2,Part-time,Semi-Urban,Medium,2,114413.085
43,13,PhD,Mid,Finance,Analyst,5,5,8,42,5,2,2.608340934,8.566991116,6,1,Contract,Semi-Urban,Large,1,98680.73027
34,2,Masters,Junior,Sales,Analyst,2,4,2,52,14,14,2.748364426,3.26169804,5,2,Contract,Urban,Medium,1,41862.40207
48,23,Bachelors,Senior,Sales,Analyst,3,3,7,44,6,6,1.138981923,3.859071299,2,3,Part-time,Rural,Medium,3,94774.86748
45,1,PhD,Senior,Finance,Engineer,5,10,3,49,16,1,7.150431781,9.573933814,5,1,Full-time,Urban,Large,1,70886.15236
27,8,PhD,Senior,Finance,Manager,3,19,8,41,11,13,3.415747497,2.902996612,1,1,Contract,Rural,Large,1,52745.34343
25,1,Bachelors,Mid,Finance,Manager,4,19,1,46,6,12,9.952870135,5.764354891,6,3,Contract,Rural,Large,5,80431.096
50,7,Masters,Senior,Sales,Clerk,5,12,2,33,8,8,6.75060754,1.291499442,8,1,Part-time,Rural,Medium,1,82611.40687
31,21,Bachelors,Mid,HR,Engineer,1,6,9,51,1,7,6.297300033,7.168184348,9,2,Full-time,Rural,Large,3,93604.12125
45,11,PhD,Junior,IT,Manager,1,3,3,45,17,2,2.661476691,6.81402972,7,0,Full-time,Urban,Large,2,78694.31235
51,28,Masters,Senior,Finance,Clerk,1,17,5,46,3,3,9.236342549,6.95788122,2,1,Full-time,Rural,Small,4,99057.80001
54,2,PhD,Senior,HR,Manager,1,2,1,57,2,8,8.286027595,6.527359113,7,1,Contract,Rural,Small,4,68564.85853
25,12,Bachelors,Junior,Sales,Engineer,1,9,5,42,2,5,3.158858606,5.432153488,7,2,Full-time,Semi-Urban,Small,3,60835.44279
21,10,Masters,Mid,IT,Clerk,4,18,6,46,10,4,5.521568666,6.36104205,8,0,Contract,Rural,Medium,4,94523.81913
26,13,Bachelors,Mid,Finance,Clerk,5,9,9,57,16,8,6.281671553,1.906372239,9,0,Part-time,Semi-Urban,Small,3,94964.31824
26,26,Masters,Senior,IT,Manager,3,8,0,46,11,2,8.886946109,4.403140791,5,0,Full-time,Semi-Urban,Small,2,100779.7151
45,26,PhD,Junior,Sales,Analyst,3,3,4,52,7,7,5.161135602,3.691446442,5,0,Contract,Semi-Urban,Medium,5,94991.87133
55,25,PhD,Junior,HR,Manager,4,6,6,47,11,9,5.31100931,2.148150814,8,1,Full-time,Semi-Urban,Small,2,90458.79029
29,28,PhD,Senior,IT,Analyst,3,2,9,30,6,7,5.003917063,3.666449412,9,0,Full-time,Semi-Urban,Small,4,108891.6564
29,13,PhD,Junior,HR,Analyst,3,10,0,37,7,3,2.08300343,7.29703515,8,4,Contract,Semi-Urban,Large,1,90867.44561
57,7,Bachelors,Mid,Sales,Clerk,1,2,7,47,17,3,4.654982469,3.839639537,0,1,Contract,Urban,Small,4,46433.54991
40,12,Masters,Senior,Sales,Clerk,4,7,9,58,6,13,5.944319492,4.632325007,2,0,Full-time,Semi-Urban,Large,5,95098.1095
28,14,Masters,Senior,Sales,Manager,4,18,1,54,0,10,3.097397829,6.207734011,4,0,Part-time,Urban,Large,2,89627.67864
32,14,Bachelors,Mid,Sales,Engineer,5,11,6,48,13,5,7.295706153,4.983092501,8,0,Full-time,Urban,Large,1,83227.41715
45,0,Bachelors,Mid,IT,Clerk,4,15,0,31,18,2,2.367687856,7.969801917,5,1,Contract,Rural,Small,5,54365.45016
42,22,Masters,Mid,IT,Engineer,4,19,6,34,3,5,9.239626274,8.876354885,4,3,Full-time,Rural,Small,1,103205.2521
25,1,PhD,Mid,IT,Clerk,3,16,3,31,16,5,6.197173298,1.94624702,7,4,Full-time,Rural,Large,2,52068.66972
40,18,Masters,Junior,HR,Clerk,4,13,3,43,11,6,8.988697028,8.694290643,1,1,Full-time,Urban,Large,2,115097.8458
24,8,PhD,Senior,IT,Engineer,3,6,7,56,19,6,9.282809134,5.316371544,5,4,Full-time,Semi-Urban,Small,4,71944.45499
23,3,Bachelors,Junior,IT,Engineer,5,12,5,35,8,5,6.558703533,7.652723798,8,0,Full-time,Semi-Urban,Large,5,64224.97209
47,3,Masters,Mid,HR,Analyst,2,9,9,46,7,3,1.605501759,4.919712212,9,3,Contract,Semi-Urban,Large,3,61784.15641
40,26,Bachelors,Junior,Sales,Clerk,4,2,7,33,7,11,9.418315267,8.976063231,5,3,Part-time,Rural,Medium,2,109469.5911
37,11,Bachelors,Junior,Sales,Analyst,1,19,6,45,14,14,2.290893676,5.92353259,8,2,Part-time,Urban,Small,5,76125.13278
54,2,PhD,Senior,HR,Manager,1,2,1,57,2,8,8.286027595,6.527359113,7,1,Contract,Rural,Small,4,68564.85853
44,27,PhD,Senior,HR,Clerk,1,8,8,52,14,4,9.918465337,4.085191815,6,0,Full-time,Semi-Urban,Large,1,110404.6955
51,24,PhD,Junior,Finance,Manager,2,13,9,44,9,3,4.851663876,4.251013691,6,2,Full-time,Semi-Urban,Large,3,90425.8803
55,2,Masters,Mid,Sales,Clerk,2,9,0,41,1,12,3.491763672,4.40547969,8,2,Full-time,Semi-Urban,Large,2,41523.3393
44,17,PhD,Junior,IT,Clerk,4,2,0,58,11,14,2.087653047,4.000179383,7,2,Full-time,Urban,Large,3,94988.86831
40,12,Masters,Senior,Sales,Clerk,4,7,9,58,6,13,5.944319492,4.632325007,2,0,Full-time,Semi-Urban,Large,5,95098.1095
48,9,Bachelors,Junior,HR,Analyst,5,2,5,46,10,11,5.392838668,4.197029315,0,4,Part-time,Urban,Medium,5,88051.27385
38,4,Bachelors,Senior,Finance,Engineer,4,16,5,41,4,2,4.226537789,5.213150149,3,1,Full-time,Semi-Urban,Large,1,60926.31797
38,4,Bachelors,Senior,Finance,Engineer,4,16,5,41,4,2,4.226537789,5.213150149,3,1,Full-time,Semi-Urban,Large,1,60926.31797
51,21,Masters,Junior,HR,Engineer,4,7,2,57,3,9,7.460019853,6.070054748,1,0,Part-time,Urban,Medium,1,100561.0856
45,18,PhD,Mid,Finance,Clerk,3,12,9,33,16,4,2.326840844,2.121963438,9,4,Full-time,Rural,Small,5,83162.19697
57,14,Bachelors,Senior,IT,Manager,4,3,9,40,9,10,7.716592692,8.414387848,9,2,Contract,Rural,Large,4,103393.8581
50,7,Masters,Mid,HR,Analyst,4,17,1,39,19,13,2.144753909,2.314919988,1,4,Full-time,Semi-Urban,Small,3,50943.65789
43,9,Bachelors,Junior,Sales,Engineer,2,14,9,30,1,14,3.955506545,5.879851263,9,3,Part-time,Urban,Small,4,84420.32806
45,26,PhD,Junior,Sales,Analyst,3,3,4,52,7,7,5.161135602,3.691446442,5,0,Contract,Semi-Urban,Medium,5,94991.87133
42,5,Masters,Junior,IT,Engineer,5,11,7,47,16,8,4.093475718,3.009282447,8,0,Contract,Urban,Medium,2,53659.61465
33,19,Masters,Senior,Finance,Engineer,5,7,9,31,19,13,4.301078423,7.288423088,5,3,Contract,Semi-Urban,Medium,3,99002.18613
46,25,Bachelors,Mid,IT,Engineer,2,4,8,42,7,10,6.477867853,3.394342814,2,4,Part-time,Urban,Large,2,92125.07923
57,24,Masters,Mid,HR,Engineer,2,7,2,31,10,12,7.548238492,4.775470609,1,2,Full-time,Urban,Medium,1,91726.80322
50,4,PhD,Senior,IT,Analyst,3,18,2,52,16,6,1.819101052,6.629823813,9,4,Part-time,Urban,Medium,5,59604.88963
24,7,Masters,Junior,Finance,Manager,1,2,3,56,7,3,7.912019568,7.832916889,3,1,Full-time,Urban,Medium,4,57545.51983
29,28,PhD,Senior,IT,Analyst,3,2,9,30,6,7,5.003917063,3.666449412,9,0,Full-time,Semi-Urban,Small,4,108891.6564
32,10,Masters,Mid,IT,Manager,5,19,1,59,7,9,7.411196271,5.739356101,6,4,Part-time,Urban,Large,3,79724.42359
59,22,Bachelors,Junior,Finance,Manager,1,1,4,39,16,6,2.761785523,6.850364796,1,4,Part-time,Rural,Medium,2,98856.22328
43,21,Bachelors,Mid,Sales,Engineer,2,9,4,39,11,10,6.166889456,1.262502612,4,1,Full-time,Semi-Urban,Large,3,88443.89259
45,0,Bachelors,Mid,IT,Clerk,4,15,0,31,18,2,2.367687856,7.969801917,5,1,Contract,Rural,Small,5,54365.45016
37,5,Bachelors,Junior,HR,Engineer,5,6,5,37,12,12,2.422863056,9.926000225,2,3,Part-time,Rural,Medium,2,68190.06333
26,19,PhD,Mid,Sales,Clerk,1,15,7,33,12,5,5.02881131,3.495473495,3,2,Full-time,Rural,Medium,4,70968.3795
26,22,Masters,Junior,IT,Clerk,4,17,1,44,19,9,6.594911173,9.971953685,7,0,Contract,Urban,Large,5,120909.2556
32,27,PhD,Senior,Sales,Analyst,1,8,4,55,0,13,5.013422449,4.636595126,8,0,Part-time,Rural,Medium,1,110410.3366
54,2,PhD,Senior,HR,Manager,1,2,1,57,2,8,8.286027595,6.527359113,7,1,Contract,Rural,Small,4,68564.85853
35,2,PhD,Junior,Finance,Analyst,3,5,2,55,9,8,6.386020516,2.732435628,5,2,Part-time,Semi-Urban,Small,3,59399.94327
57,15,Bachelors,Mid,IT,Manager,4,11,6,47,10,1,2.50701409,5.042276684,3,3,Full-time,Semi-Urban,Medium,1,86709.74611
25,8,PhD,Senior,Sales,Clerk,2,5,2,37,7,9,7.88642111,2.691148388,5,3,Contract,Semi-Urban,Small,1,62746.79918
48,12,Bachelors,Junior,Finance,Engineer,4,19,6,33,3,9,8.505803365,4.747241356,8,0,Part-time,Urban,Large,4,78879.49299
40,20,Masters,Junior,HR,Analyst,5,13,9,35,7,1,5.65040829,7.337643818,2,0,Full-time,Urban,Small,2,105400.5809
34,1,Masters,Senior,IT,Clerk,4,6,3,47,5,9,6.322343914,9.590883655,5,1,Part-time,Urban,Small,2,51899.4043
22,23,Masters,Senior,HR,Engineer,3,8,0,58,8,11,2.95308713,7.910299697,9,1,Part-time,Rural,Medium,5,100551.4468
50,7,Masters,Mid,HR,Analyst,4,17,1,39,19,13,2.144753909,2.314919988,1,4,Full-time,Semi-Urban,Small,3,50943.65789
49,3,Masters,Senior,Finance,Engineer,2,13,8,47,19,14,8.515475772,1.153441904,8,3,Part-time,Rural,Medium,1,45598.60606
39,16,Bachelors,Junior,IT,Clerk,4,10,5,52,11,4,5.771707568,6.371175319,4,4,Part-time,Semi-Urban,Small,4,98155.11795
23,9,PhD,Mid,HR,Manager,3,17,6,54,16,5,2.777141581,1.858099202,7,2,Part-time,Urban,Small,3,61587.86062
44,17,PhD,Junior,IT,Clerk,4,2,0,58,11,14,2.087653047,4.000179383,7,2,Full-time,Urban,Large,3,94988.86831
36,22,Bachelors,Junior,Sales,Engineer,5,11,9,41,9,4,3.555836943,8.946620221,7,4,Full-time,Semi-Urban,Medium,2,98887.78121
32,20,Bachelors,Junior,Sales,Manager,2,3,3,35,1,4,2.348000568,2.418336461,6,0,Full-time,Rural,Small,3,72887.00432
33,5,PhD,Mid,Sales,Clerk,5,3,4,53,10,7,2.64372239,8.366868808,5,2,Part-time,Urban,Medium,2,74801.96496
50,26,Bachelors,Junior,Sales,Clerk,2,10,5,44,16,7,9.283452357,8.345527235,4,2,Part-time,Semi-Urban,Medium,2,114413.085
35,14,Masters,Junior,HR,Engineer,1,19,9,35,13,13,7.275041884,7.485768273,0,4,Full-time,Urban,Small,3,69277.96381
40,20,Masters,Junior,HR,Analyst,5,13,9,35,7,1,5.65040829,7.337643818,2,0,Full-time,Urban,Small,2,105400.5809
25,8,PhD,Senior,Sales,Clerk,2,5,2,37,7,9,7.88642111,2.691148388,5,3,Contract,Semi-Urban,Small,1,62746.79918
41,18,Bachelors,Mid,HR,Analyst,3,10,7,40,17,7,4.072910868,5.946919772,8,0,Contract,Rural,Small,2,94737.21459
48,9,Bachelors,Junior,HR,Analyst,5,12,0,55,14,4,9.87186542,1.233895005,6,2,Full-time,Semi-Urban,Large,4,77260.53943
37,5,Bachelors,Junior,HR,Engineer,5,6,5,37,12,12,2.422863056,9.926000225,2,3,Part-time,Rural,Medium,2,68190.06333
37,4,PhD,Mid,Sales,Engineer,1,4,9,59,14,1,1.173124636,2.338009682,3,0,Contract,Urban,Medium,4,37920.73625
34,13,PhD,Junior,Finance,Engineer,5,14,7,55,14,8,1.952535649,5.901315618,9,2,Full-time,Rural,Medium,5,82579.11439
41,18,Bachelors,Mid,HR,Analyst,3,10,7,40,17,7,4.072910868,5.946919772,8,0,Contract,Rural,Small,2,94737.21459
53,16,Bachelors,Mid,Finance,Analyst,1,18,1,45,5,11,9.218042515,1.801527645,7,3,Full-time,Urban,Small,2,68236.87569
42,22,Bachelors,Senior,IT,Manager,1,9,9,50,4,10,4.737848306,6.802419288,1,4,Part-time,Semi-Urban,Medium,1,95924.75145
43,14,Masters,Mid,IT,Engineer,1,19,1,44,18,2,8.641647448,8.726149003,2,3,Part-time,Semi-Urban,Large,2,91913.02625
37,11,Bachelors,Junior,Sales,Analyst,1,19,6,45,14,14,2.290893676,5.92353259,8,2,Part-time,Urban,Small,5,76125.13278
56,16,Bachelors,Mid,HR,Manager,5,8,3,40,3,4,4.266143965,9.156857265,5,2,Part-time,Rural,Large,2,99380.37268
48,12,Bachelors,Junior,Finance,Engineer,4,19,6,33,3,9,8.505803365,4.747241356,8,0,Part-time,Urban,Large,4,78879.49299
54,12,Masters,Senior,Sales,Engineer,1,7,5,43,19,9,1.446831835,2.4830835,9,2,Contract,Rural,Medium,4,53808.53203
31,21,Bachelors,Mid,HR,Engineer,1,6,9,51,1,7,6.297300033,7.168184348,9,2,Full-time,Rural,Large,3,93604.12125
31,12,Bachelors,Junior,HR,Engineer,4,13,8,54,14,8,1.233614938,3.953010254,2,4,Contract,Urban,Medium,5,62649.22724
44,11,PhD,Senior,Sales,Manager,1,11,2,49,10,6,4.928130398,9.021002993,5,4,Contract,Semi-Urban,Small,1,63999.33399
27,8,PhD,Senior,Finance,Manager,3,19,8,41,11,13,3.415747497,2.902996612,1,1,Contract,Rural,Large,1,52745.34343
22,26,Bachelors,Junior,IT,Engineer,1,9,9,47,6,14,8.841642942,2.120319207,5,1,Part-time,Semi-Urban,Small,3,114815.026
48,9,Bachelors,Junior,HR,Analyst,5,12,0,55,14,4,9.87186542,1.233895005,6,2,Full-time,Semi-Urban,Large,4,77260.53943
42,20,Masters,Mid,Sales,Clerk,2,8,0,49,9,5,3.423082989,7.255237163,6,0,Part-time,Semi-Urban,Large,5,103827.3676
33,16,Bachelors,Senior,Finance,Engineer,1,1,2,41,0,2,5.429570881,8.666691132,3,0,Part-time,Rural,Medium,4,77785.60024
28,14,Masters,Senior,Sales,Manager,4,18,1,54,0,10,3.097397829,6.207734011,4,0,Part-time,Urban,Large,2,89627.67864
22,21,Bachelors,Mid,Sales,Analyst,3,2,3,50,11,5,9.654738093,3.929921663,8,4,Contract,Urban,Medium,3,92730.64409
50,3,Masters,Junior,Finance,Analyst,2,19,8,30,3,6,7.982277525,8.644853831,5,4,Full-time,Urban,Large,1,62997.10212
24,8,PhD,Senior,IT,Engineer,3,6,7,56,19,6,9.282809134,5.316371544,5,4,Full-time,Semi-Urban,Small,4,71944.45499
34,12,PhD,Senior,HR,Analyst,1,16,6,46,1,9,3.623623815,4.419688698,3,2,Contract,Urban,Small,3,71162.25025
32,9,PhD,Senior,Finance,Analyst,1,13,6,50,4,2,2.842334869,1.768498895,0,4,Part-time,Urban,Medium,3,68734.53354
48,14,PhD,Mid,IT,Manager,2,11,8,40,19,5,2.297468663,2.091010505,8,4,Part-time,Urban,Small,1,74459.68127
54,18,PhD,Senior,Finance,Analyst,2,8,3,46,4,7,8.617936176,1.594477282,1,0,Contract,Rural,Large,3,88743.30891
26,25,Masters,Junior,HR,Manager,2,2,4,54,5,7,2.361405792,3.741892835,6,2,Full-time,Rural,Small,4,83386.67719
32,9,PhD,Senior,Finance,Analyst,1,13,6,50,4,2,2.842334869,1.768498895,0,4,Part-time,Urban,Medium,3,68734.53354
21,17,Masters,Mid,Finance,Analyst,3,18,8,39,13,2,1.440099394,1.422264027,8,2,Full-time,Rural,Large,1,89728.81623
25,4,Masters,Senior,Finance,Manager,1,17,0,49,0,9,6.753276008,6.645221612,4,0,Part-time,Urban,Small,5,63566.54194
32,10,Masters,Mid,IT,Manager,5,19,1,59,7,9,7.411196271,5.739356101,6,4,Part-time,Urban,Large,3,79724.42359
58,29,Masters,Senior,HR,Manager,5,11,8,48,5,10,8.468222079,4.771477846,2,0,Full-time,Rural,Small,5,125430.9955
51,29,Bachelors,Senior,Finance,Manager,2,5,3,36,11,14,8.414394883,9.301310681,1,3,Part-time,Rural,Small,4,127968.9677
37,11,Bachelors,Junior,Sales,Analyst,1,19,6,45,14,14,2.290893676,5.92353259,8,2,Part-time,Urban,Small,5,76125.13278
23,15,PhD,Junior,HR,Clerk,2,14,3,48,12,13,1.673129765,7.058181882,3,2,Part-time,Semi-Urban,Medium,5,86989.94802
37,11,Bachelors,Junior,Sales,Analyst,1,19,6,45,14,14,2.290893676,5.92353259,8,2,Part-time,Urban,Small,5,76125.13278
45,0,Bachelors,Mid,IT,Clerk,4,15,0,31,18,2,2.367687856,7.969801917,5,1,Contract,Rural,Small,5,54365.45016
37,11,Bachelors,Junior,Sales,Analyst,1,19,6,45,14,14,2.290893676,5.92353259,8,2,Part-time,Urban,Small,5,76125.13278
37,5,Bachelors,Junior,HR,Clerk,1,12,3,45,9,10,2.067196783,1.758889092,8,3,Part-time,Rural,Medium,4,54763.86369
30,10,PhD,Senior,IT,Manager,2,2,9,33,13,5,2.117229167,9.877912737,7,2,Full-time,Rural,Large,4,75140.72445
31,12,Masters,Senior,Sales,Engineer,2,9,9,56,1,10,5.181523408,9.858816481,4,0,Contract,Rural,Medium,2,95518.10318
40,18,Masters,Senior,Sales,Analyst,4,1,3,44,4,5,1.421983481,2.643267182,6,0,Full-time,Urban,Medium,4,101624.9041
33,6,PhD,Junior,IT,Clerk,4,13,1,48,10,12,2.800110376,9.991587513,9,3,Part-time,Rural,Small,3,72728.01539
39,2,Bachelors,Junior,Sales,Manager,5,16,2,52,2,11,8.781503835,7.62581602,9,3,Part-time,Semi-Urban,Medium,5,86006.48306
33,5,PhD,Mid,Sales,Clerk,5,3,4,53,10,7,2.64372239,8.366868808,5,2,Part-time,Urban,Medium,2,74801.96496
32,27,PhD,Senior,Sales,Analyst,1,8,4,55,0,13,5.013422449,4.636595126,8,0,Part-time,Rural,Medium,1,110410.3366
50,7,Masters,Senior,Sales,Clerk,5,12,2,33,8,8,6.75060754,1.291499442,8,1,Part-time,Rural,Medium,1,82611.40687
43,13,PhD,Mid,Finance,Analyst,5,5,8,42,5,2,2.608340934,8.566991116,6,1,Contract,Semi-Urban,Large,1,98680.73027
34,5,PhD,Mid,Sales,Manager,4,18,3,36,12,11,9.92240191,7.346280667,3,1,Full-time,Urban,Large,4,62708.93871
26,1,Bachelors,Senior,IT,Clerk,3,8,9,36,12,3,2.623104955,1.501300003,2,2,Part-time,Urban,Small,3,53037.66496
42,5,Masters,Junior,IT,Engineer,5,11,7,47,16,8,4.093475718,3.009282447,8,0,Contract,Urban,Medium,2,53659.61465
23,10,Bachelors,Senior,Finance,Clerk,1,14,0,51,5,9,2.74618569,4.333806375,0,0,Contract,Rural,Small,3,58872.75334
24,24,Bachelors,Mid,Finance,Analyst,4,11,2,43,14,7,7.602303655,7.722669797,4,2,Full-time,Urban,Large,2,114036.5074
55,14,PhD,Senior,Finance,Analyst,3,9,1,49,16,4,6.419333729,2.887663406,2,2,Part-time,Urban,Medium,5,83143.52982
32,3,Bachelors,Junior,Finance,Engineer,5,4,2,51,7,1,6.09931716,5.102623998,0,2,Full-time,Urban,Small,1,56080.46596
55,2,Masters,Mid,Sales,Clerk,2,9,0,41,1,12,3.491763672,4.40547969,8,2,Full-time,Semi-Urban,Large,2,41523.3393
41,6,Bachelors,Senior,Sales,Manager,2,8,2,46,7,9,4.695557862,8.096600553,5,4,Part-time,Rural,Medium,3,73916.47853
36,27,Bachelors,Senior,Finance,Clerk,2,18,9,35,8,1,6.205779531,7.781422374,5,2,Contract,Semi-Urban,Large,2,108761.4864
26,13,Bachelors,Mid,Finance,Clerk,5,9,9,57,16,8,6.281671553,1.906372239,9,0,Part-time,Semi-Urban,Small,3,94964.31824
49,16,Masters,Junior,Sales,Clerk,1,18,8,30,11,13,1.074557271,1.092739055,5,4,Part-time,Urban,Large,4,72843.84414
46,20,Bachelors,Senior,Finance,Manager,2,10,9,46,12,1,1.250143152,5.030340682,1,0,Part-time,Semi-Urban,Large,3,74045.55197
29,2,Masters,Mid,Finance,Engineer,5,11,3,30,12,8,6.617697504,6.441876246,1,3,Part-time,Semi-Urban,Medium,2,53485.949
43,13,PhD,Mid,Finance,Analyst,5,5,8,42,5,2,2.608340934,8.566991116,6,1,Contract,Semi-Urban,Large,1,98680.73027
44,15,Masters,Junior,Sales,Manager,5,19,6,47,1,9,1.724119065,9.721098492,9,0,Contract,Rural,Large,5,79884.43726
52,5,Masters,Mid,Finance,Analyst,2,4,7,46,6,1,3.950222875,4.750922255,3,2,Contract,Rural,Large,4,50233.32958
39,2,Bachelors,Junior,Sales,Manager,5,16,2,52,2,11,8.781503835,7.62581602,9,3,Part-time,Semi-Urban,Medium,5,86006.48306
51,0,PhD,Senior,HR,Engineer,3,15,8,34,15,5,1.542859777,7.557456294,8,0,Contract,Semi-Urban,Small,4,46575.80733
48,23,Bachelors,Senior,Sales,Analyst,3,3,7,44,6,6,1.138981923,3.859071299,2,3,Part-time,Rural,Medium,3,94774.86748
32,3,Bachelors,Junior,Finance,Engineer,5,4,2,51,7,1,6.09931716,5.102623998,0,2,Full-time,Urban,Small,1,56080.46596
54,19,Masters,Junior,IT,Clerk,1,4,4,37,8,10,4.723238967,7.87743138,6,0,Full-time,Urban,Medium,2,76318.15662
37,18,Bachelors,Junior,Finance,Clerk,4,2,0,41,15,5,5.81246795,3.757759891,7,3,Part-time,Urban,Large,4,99234.77982
55,11,Bachelors,Senior,Sales,Engineer,4,19,6,56,10,5,4.7122509,4.477901082,7,3,Part-time,Rural,Medium,5,83356.7322
24,16,PhD,Senior,IT,Engineer,1,2,2,57,12,14,2.94978094,1.723624307,8,2,Part-time,Semi-Urban,Medium,4,70877.13011
41,5,Bachelors,Mid,Sales,Manager,4,19,9,36,11,8,3.236978727,8.678019902,4,0,Contract,Rural,Large,2,68355.60261
29,19,PhD,Senior,Sales,Manager,4,14,3,41,19,2,1.273690399,7.978379513,3,3,Full-time,Urban,Small,3,82419.74581
49,3,Masters,Senior,Finance,Engineer,2,13,8,47,19,14,8.515475772,1.153441904,8,3,Part-time,Rural,Medium,1,45598.60606
55,25,Bachelors,Senior,HR,Engineer,2,6,4,46,3,12,6.651480695,5.482468354,7,1,Full-time,Rural,Medium,5,115306.4427
34,12,PhD,Senior,HR,Analyst,1,16,6,46,1,9,3.623623815,4.419688698,3,2,Contract,Urban,Small,3,71162.25025
29,28,PhD,Senior,IT,Analyst,3,2,9,30,6,7,5.003917063,3.666449412,9,0,Full-time,Semi-Urban,Small,4,108891.6564
37,18,Bachelors,Junior,Finance,Clerk,4,2,0,41,15,5,5.81246795,3.757759891,7,3,Part-time,Urban,Large,4,99234.77982
46,19,Bachelors,Mid,HR,Manager,2,16,6,46,2,9,8.242085182,7.332846079,0,4,Part-time,Rural,Large,2,83245.50048
26,25,Masters,Junior,HR,Manager,2,2,4,54,5,7,2.361405792,3.741892835,6,2,Full-time,Rural,Small,4,83386.67719
43,21,Masters,Mid,Finance,Analyst,2,14,8,57,4,4,1.93487888,8.09150191,4,1,Full-time,Rural,Large,1,90067.68117
24,8,Bachelors,Mid,Finance,Analyst,4,8,9,46,14,3,3.124740194,1.785078829,4,3,Part-time,Semi-Urban,Small,4,63886.83479
36,22,Bachelors,Junior,Sales,Engineer,5,11,9,41,9,4,3.555836943,8.946620221,7,4,Full-time,Semi-Urban,Medium,2,98887.78121
46,25,Bachelors,Mid,HR,Clerk,5,2,8,42,15,4,5.987560938,6.999757618,3,1,Contract,Rural,Small,5,115012.2701
35,2,PhD,Junior,Finance,Analyst,3,5,2,55,9,8,6.386020516,2.732435628,5,2,Part-time,Semi-Urban,Small,3,59399.94327
24,7,Masters,Junior,Finance,Manager,1,2,3,56,7,3,7.912019568,7.832916889,3,1,Full-time,Urban,Medium,4,57545.51983
49,4,Bachelors,Senior,HR,Analyst,1,15,1,32,6,11,8.722735475,3.555157688,7,1,Part-time,Rural,Small,5,69126.9247
21,11,Bachelors,Junior,Finance,Engineer,5,12,6,36,15,5,7.196147338,9.239637731,4,4,Contract,Semi-Urban,Large,2,80453.71261
43,19,Bachelors,Senior,HR,Clerk,1,6,1,43,1,1,9.27313904,4.516912527,7,3,Part-time,Urban,Large,1,101754.4341
52,1,Masters,Mid,Sales,Clerk,2,15,8,47,7,1,7.681199997,8.016237116,4,1,Full-time,Semi-Urban,Large,4,51450.68454
48,14,Bachelors,Mid,HR,Manager,1,4,3,37,17,11,1.635424561,9.87769007,6,1,Full-time,Urban,Large,2,71340.65265
40,4,PhD,Junior,Finance,Engineer,4,7,7,49,11,8,8.525436058,2.369503568,3,2,Contract,Urban,Medium,2,63169.84034
52,8,Bachelors,Senior,Sales,Analyst,3,8,7,35,18,11,3.97115801,3.870881983,7,1,Part-time,Urban,Medium,4,75173.21639
55,8,PhD,Mid,Sales,Clerk,1,2,6,32,13,7,1.725894503,1.348260435,5,0,Full-time,Urban,Medium,3,62926.80703
26,18,PhD,Mid,HR,Manager,2,19,6,39,4,14,1.244816585,7.211891484,8,2,Part-time,Semi-Urban,Small,4,79999.08637
41,22,Bachelors,Mid,Finance,Manager,2,16,4,57,8,3,6.211363012,6.145073515,8,3,Contract,Rural,Medium,1,108598.4512
57,7,Bachelors,Mid,Sales,Clerk,1,2,7,47,17,3,4.654982469,3.839639537,0,1,Contract,Urban,Small,4,46433.54991
53,23,Masters,Senior,Sales,Analyst,3,19,5,41,11,10,4.224973684,5.544575725,6,3,Contract,Rural,Small,2,86966.46455
54,18,PhD,Senior,Finance,Analyst,2,8,3,46,4,7,8.617936176,1.594477282,1,0,Contract,Rural,Large,3,88743.30891
30,6,Masters,Junior,Finance,Engineer,5,19,9,34,1,11,6.868990199,7.251590919,5,0,Contract,Urban,Medium,3,73879.8993
47,9,Masters,Mid,IT,Clerk,1,3,0,54,7,2,6.61891245,2.727342072,4,3,Contract,Semi-Urban,Small,2,67753.72294
58,28,PhD,Senior,IT,Manager,4,2,9,36,11,11,8.218634838,7.090569745,7,2,Full-time,Rural,Large,5,133596.3185
33,6,PhD,Junior,IT,Clerk,4,13,1,48,10,12,2.800110376,9.991587513,9,3,Part-time,Rural,Small,3,72728.01539
28,14,Masters,Senior,Sales,Manager,4,18,1,54,0,10,3.097397829,6.207734011,4,0,Part-time,Urban,Large,2,89627.67864
25,4,Masters,Junior,Sales,Clerk,4,16,1,58,7,6,9.116349259,8.807959265,0,0,Full-time,Urban,Large,5,70959.90038
43,19,Bachelors,Senior,HR,Clerk,1,6,1,43,1,1,9.27313904,4.516912527,7,3,Part-time,Urban,Large,1,101754.4341
55,11,Bachelors,Senior,Sales,Engineer,4,19,6,56,10,5,4.7122509,4.477901082,7,3,Part-time,Rural,Medium,5,83356.7322
55,2,Masters,Mid,Sales,Clerk,2,9,0,41,1,12,3.491763672,4.40547969,8,2,Full-time,Semi-Urban,Large,2,41523.3393
32,14,Bachelors,Mid,Sales,Engineer,5,11,6,48,13,5,7.295706153,4.983092501,8,0,Full-time,Urban,Large,1,83227.41715
30,10,PhD,Senior,IT,Manager,2,2,9,33,13,5,2.117229167,9.877912737,7,2,Full-time,Rural,Large,4,75140.72445
36,27,Bachelors,Senior,Finance,Clerk,2,18,9,35,8,1,6.205779531,7.781422374,5,2,Contract,Semi-Urban,Large,2,108761.4864
48,4,Masters,Mid,Finance,Engineer,4,7,9,57,13,5,3.07813625,1.347947106,9,4,Full-time,Urban,Large,3,46252.67278
44,29,PhD,Senior,HR,Clerk,2,9,6,49,13,2,2.374385206,9.185382988,9,3,Full-time,Urban,Large,3,120428.8448
24,7,Masters,Junior,Finance,Manager,1,2,3,56,7,3,7.912019568,7.832916889,3,1,Full-time,Urban,Medium,4,57545.51983
50,17,Masters,Senior,IT,Analyst,5,6,4,44,1,8,2.492211741,3.157928018,9,0,Part-time,Rural,Large,5,75468.72536
22,12,PhD,Mid,IT,Manager,5,10,7,33,14,1,5.611802706,2.377097597,4,2,Contract,Rural,Small,5,94741.31982
45,27,Masters,Mid,Sales,Clerk,3,18,1,40,4,11,5.524392913,6.466675204,7,4,Part-time,Urban,Small,2,124511.4032
43,13,PhD,Mid,Finance,Analyst,5,5,8,42,5,2,2.608340934,8.566991116,6,1,Contract,Semi-Urban,Large,1,98680.73027
52,7,Masters,Senior,Sales,Analyst,1,14,6,42,5,3,3.623887098,2.663091035,6,0,Full-time,Urban,Medium,1,44807.59634
51,28,Masters,Senior,Finance,Clerk,1,17,5,46,3,3,9.236342549,6.95788122,2,1,Full-time,Rural,Small,4,99057.80001
57,4,Masters,Senior,Finance,Engineer,1,18,6,50,11,7,5.981129071,2.132582251,3,3,Contract,Semi-Urban,Medium,4,68909.22777
31,15,Bachelors,Mid,Finance,Manager,2,3,9,44,1,1,8.985886987,2.728707275,5,2,Contract,Rural,Large,2,77414.33572
55,24,Bachelors,Mid,HR,Clerk,4,16,0,54,8,13,4.999186425,1.678550852,8,3,Part-time,Urban,Small,2,89578.44745
33,19,Masters,Senior,Finance,Engineer,5,7,9,31,19,13,4.301078423,7.288423088,5,3,Contract,Semi-Urban,Medium,3,99002.18613
37,5,Bachelors,Junior,HR,Engineer,5,6,5,37,12,12,2.422863056,9.926000225,2,3,Part-time,Rural,Medium,2,68190.06333
24,16,PhD,Senior,IT,Engineer,1,2,2,57,12,14,2.94978094,1.723624307,8,2,Part-time,Semi-Urban,Medium,4,70877.13011
28,11,PhD,Junior,Sales,Engineer,5,12,4,33,14,3,1.985910248,5.023872286,8,1,Full-time,Rural,Large,4,69443.55699
42,2,Bachelors,Mid,Sales,Manager,4,12,7,33,1,12,7.437125138,4.910552616,4,4,Contract,Rural,Medium,4,49532.78828
58,27,Bachelors,Mid,Finance,Manager,1,11,7,31,16,6,4.012796695,2.845185329,4,1,Contract,Urban,Large,5,88511.01909
40,18,Masters,Senior,Sales,Analyst,4,1,3,44,4,5,1.421983481,2.643267182,6,0,Full-time,Urban,Medium,4,101624.9041
42,2,Bachelors,Mid,Sales,Manager,4,12,7,33,1,12,7.437125138,4.910552616,4,4,Contract,Rural,Medium,4,49532.78828
50,17,Masters,Senior,IT,Analyst,5,6,4,44,1,8,2.492211741,3.157928018,9,0,Part-time,Rural,Large,5,75468.72536
54,2,Bachelors,Mid,HR,Analyst,3,17,6,43,19,3,9.693154031,8.857797453,6,3,Contract,Rural,Medium,3,53645.51097
51,7,Bachelors,Senior,IT,Engineer,5,1,7,51,2,11,9.351654896,8.527303455,6,2,Full-time,Semi-Urban,Large,2,76416.41904
41,18,Bachelors,Mid,HR,Analyst,3,10,7,40,17,7,4.072910868,5.946919772,8,0,Contract,Rural,Small,2,94737.21459
26,29,Masters,Junior,IT,Analyst,1,10,1,33,0,14,6.576695144,4.70258537,9,1,Contract,Urban,Small,5,115291.7976
40,16,Bachelors,Mid,HR,Manager,5,9,2,45,7,10,2.066054945,8.905218897,7,0,Contract,Urban,Large,1,108809.3176
46,26,Bachelors,Mid,IT,Analyst,2,4,8,56,8,3,5.674066829,5.213737137,5,0,Part-time,Urban,Medium,4,101127.5514
24,5,Masters,Mid,Sales,Clerk,5,10,3,35,1,8,7.18889442,8.160680517,0,4,Part-time,Rural,Medium,2,66187.71104
55,7,Bachelors,Junior,Finance,Manager,3,1,2,59,3,11,7.174794071,3.866120139,0,1,Contract,Semi-Urban,Large,5,74161.13824
23,2,PhD,Senior,HR,Clerk,5,1,1,37,10,2,2.244037869,9.717595762,6,0,Contract,Urban,Small,2,63044.15278
41,8,Masters,Mid,Sales,Manager,3,18,4,37,1,5,7.967351462,5.394132315,6,4,Full-time,Rural,Small,4,87418.31024
48,14,PhD,Mid,IT,Manager,2,11,8,40,19,5,2.297468663,2.091010505,8,4,Part-time,Urban,Small,1,74459.68127
43,21,Masters,Mid,Finance,Analyst,2,14,8,57,4,4,1.93487888,8.09150191,4,1,Full-time,Rural,Large,1,90067.68117
51,7,Bachelors,Senior,IT,Engineer,5,1,7,51,2,11,9.351654896,8.527303455,6,2,Full-time,Semi-Urban,Large,2,76416.41904
51,7,Bachelors,Senior,IT,Engineer,5,1,7,51,2,11,9.351654896,8.527303455,6,2,Full-time,Semi-Urban,Large,2,76416.41904
33,16,Bachelors,Senior,Finance,Engineer,1,1,2,41,0,2,5.429570881,8.666691132,3,0,Part-time,Rural,Medium,4,77785.60024
23,10,Bachelors,Senior,Finance,Clerk,1,14,0,51,5,9,2.74618569,4.333806375,0,0,Contract,Rural,Small,3,58872.75334
54,19,Masters,Junior,IT,Clerk,1,4,4,37,8,10,4.723238967,7.87743138,6,0,Full-time,Urban,Medium,2,76318.15662
25,4,Masters,Senior,Finance,Manager,1,17,0,49,0,9,6.753276008,6.645221612,4,0,Part-time,Urban,Small,5,63566.54194
40,16,Bachelors,Mid,HR,Manager,5,9,2,45,7,10,2.066054945,8.905218897,7,0,Contract,Urban,Large,1,108809.3176
40,18,Masters,Senior,Sales,Analyst,4,1,3,44,4,5,1.421983481,2.643267182,6,0,Full-time,Urban,Medium,4,101624.9041
44,11,PhD,Senior,Sales,Manager,1,11,2,49,10,6,4.928130398,9.021002993,5,4,Contract,Semi-Urban,Small,1,63999.33399
37,11,Bachelors,Junior,Sales,Analyst,1,19,6,45,14,14,2.290893676,5.92353259,8,2,Part-time,Urban,Small,5,76125.13278
27,21,PhD,Junior,IT,Engineer,5,13,3,57,3,8,2.485308459,3.436619224,4,4,Part-time,Rural,Small,3,100967.2515
34,5,PhD,Mid,Sales,Manager,4,18,3,36,12,11,9.92240191,7.346280667,3,1,Full-time,Urban,Large,4,62708.93871
22,21,Bachelors,Mid,Sales,Analyst,3,2,3,50,11,5,9.654738093,3.929921663,8,4,Contract,Urban,Medium,3,92730.64409
27,21,PhD,Junior,IT,Engineer,5,13,3,57,3,8,2.485308459,3.436619224,4,4,Part-time,Rural,Small,3,100967.2515
43,19,Bachelors,Senior,HR,Clerk,1,6,1,43,1,1,9.27313904,4.516912527,7,3,Part-time,Urban,Large,1,101754.4341
24,1,Masters,Mid,HR,Manager,3,18,3,45,7,5,5.195515697,5.187672217,8,4,Full-time,Semi-Urban,Small,2,57747.72236
34,5,PhD,Mid,Sales,Manager,4,18,3,36,12,11,9.92240191,7.346280667,3,1,Full-time,Urban,Large,4,62708.93871
29,28,Masters,Senior,HR,Manager,5,19,5,32,3,1,2.527042486,8.320361411,4,2,Part-time,Rural,Medium,2,114971.4762
27,21,PhD,Junior,IT,Clerk,3,12,7,59,10,9,1.103532532,2.247633604,8,1,Part-time,Rural,Medium,1,87762.69286
50,3,Masters,Junior,Finance,Analyst,2,19,8,30,3,6,7.982277525,8.644853831,5,4,Full-time,Urban,Large,1,62997.10212
26,18,PhD,Mid,HR,Manager,2,19,6,39,4,14,1.244816585,7.211891484,8,2,Part-time,Semi-Urban,Small,4,79999.08637
33,19,Masters,Senior,Finance,Engineer,5,7,9,31,19,13,4.301078423,7.288423088,5,3,Contract,Semi-Urban,Medium,3,99002.18613
52,14,PhD,Junior,IT,Analyst,1,17,1,59,17,11,9.862037065,8.282732053,3,1,Part-time,Semi-Urban,Medium,2,95516.31553
37,18,Bachelors,Junior,Finance,Clerk,4,2,0,41,15,5,5.81246795,3.757759891,7,3,Part-time,Urban,Large,4,99234.77982
31,21,Bachelors,Mid,HR,Engineer,1,6,9,51,1,7,6.297300033,7.168184348,9,2,Full-time,Rural,Large,3,93604.12125
33,26,PhD,Mid,Finance,Manager,3,14,1,53,3,11,7.556814045,2.036093784,4,2,Part-time,Urban,Medium,2,92308.12659
23,15,PhD,Junior,HR,Clerk,2,14,3,48,12,13,1.673129765,7.058181882,3,2,Part-time,Semi-Urban,Medium,5,86989.94802
37,4,PhD,Mid,Sales,Engineer,1,4,9,59,14,1,1.173124636,2.338009682,3,0,Contract,Urban,Medium,4,37920.73625
40,12,Masters,Senior,Sales,Clerk,4,7,9,58,6,13,5.944319492,4.632325007,2,0,Full-time,Semi-Urban,Large,5,95098.1095
44,11,PhD,Senior,Sales,Manager,1,11,2,49,10,6,4.928130398,9.021002993,5,4,Contract,Semi-Urban,Small,1,63999.33399
27,21,PhD,Junior,IT,Engineer,5,13,3,57,3,8,2.485308459,3.436619224,4,4,Part-time,Rural,Small,3,100967.2515
30,21,Bachelors,Mid,HR,Manager,5,4,0,54,17,9,7.553821414,5.151107709,7,3,Part-time,Rural,Medium,2,120411.1507
41,22,Bachelors,Mid,Finance,Manager,2,16,4,57,8,3,6.211363012,6.145073515,8,3,Contract,Rural,Medium,1,108598.4512
27,21,PhD,Junior,IT,Engineer,5,13,3,57,3,8,2.485308459,3.436619224,4,4,Part-time,Rural,Small,3,100967.2515
35,2,PhD,Junior,Finance,Analyst,3,5,2,55,9,8,6.386020516,2.732435628,5,2,Part-time,Semi-Urban,Small,3,59399.94327
55,25,Bachelors,Senior,HR,Engineer,2,6,4,46,3,12,6.651480695,5.482468354,7,1,Full-time,Rural,Medium,5,115306.4427
47,9,Masters,Mid,IT,Clerk,1,3,0,54,7,2,6.61891245,2.727342072,4,3,Contract,Semi-Urban,Small,2,67753.72294
55,2,Masters,Mid,Sales,Clerk,2,9,0,41,1,12,3.491763672,4.40547969,8,2,Full-time,Semi-Urban,Large,2,41523.3393
27,23,Masters,Mid,IT,Clerk,2,3,4,42,5,11,7.972423504,4.965613616,5,0,Full-time,Rural,Small,3,93128.15984
49,16,Masters,Junior,Sales,Clerk,1,18,8,30,11,13,1.074557271,1.092739055,5,4,Part-time,Urban,Large,4,72843.84414
39,16,Bachelors,Junior,IT,Clerk,4,10,5,52,11,4,5.771707568,6.371175319,4,4,Part-time,Semi-Urban,Small,4,98155.11795
32,27,PhD,Senior,Sales,Analyst,1,8,4,55,0,13,5.013422449,4.636595126,8,0,Part-time,Rural,Medium,1,110410.3366
36,4,Masters,Junior,Finance,Engineer,4,8,4,33,16,11,8.146764542,6.761617403,0,1,Part-time,Urban,Medium,5,83030.70543
50,10,PhD,Junior,Finance,Manager,2,4,8,57,13,3,5.918406837,9.314301533,4,3,Part-time,Rural,Small,4,90100.56868
32,14,Bachelors,Mid,Sales,Engineer,5,11,6,48,13,5,7.295706153,4.983092501,8,0,Full-time,Urban,Large,1,83227.41715
29,21,Bachelors,Junior,Finance,Manager,5,6,9,57,12,11,6.106541795,2.673031288,8,2,Part-time,Semi-Urban,Medium,1,90024.17934
31,19,Bachelors,Junior,HR,Manager,5,17,3,43,8,12,6.333234031,7.650584313,8,3,Contract,Urban,Large,3,110570.9352
29,28,Masters,Senior,HR,Manager,5,19,5,32,3,1,2.527042486,8.320361411,4,2,Part-time,Rural,Medium,2,114971.4762
43,19,Bachelors,Senior,HR,Clerk,1,6,1,43,1,1,9.27313904,4.516912527,7,3,Part-time,Urban,Large,1,101754.4341
54,19,Masters,Junior,IT,Clerk,1,4,4,37,8,10,4.723238967,7.87743138,6,0,Full-time,Urban,Medium,2,76318.15662
42,7,PhD,Senior,IT,Analyst,4,9,2,37,18,3,5.565417315,8.836824487,7,3,Full-time,Rural,Large,1,87770.6067
24,5,Masters,Mid,Sales,Clerk,5,10,3,35,1,8,7.18889442,8.160680517,0,4,Part-time,Rural,Medium,2,66187.71104
26,19,PhD,Mid,Sales,Clerk,1,15,7,33,12,5,5.02881131,3.495473495,3,2,Full-time,Rural,Medium,4,70968.3795
46,2,Bachelors,Mid,IT,Manager,3,3,2,39,4,9,8.06381227,6.053601513,1,3,Contract,Urban,Medium,5,54061.13409
51,7,Bachelors,Senior,IT,Engineer,5,1,7,51,2,11,9.351654896,8.527303455,6,2,Full-time,Semi-Urban,Large,2,76416.41904
32,18,Masters,Junior,Sales,Manager,4,13,6,55,11,7,8.967906218,3.891810228,9,4,Full-time,Urban,Medium,5,102194.0785
37,11,Bachelors,Junior,Sales,Analyst,1,19,6,45,14,14,2.290893676,5.92353259,8,2,Part-time,Urban,Small,5,76125.13278
51,7,Bachelors,Senior,IT,Engineer,5,1,7,51,2,11,9.351654896,8.527303455,6,2,Full-time,Semi-Urban,Large,2,76416.41904
38,16,PhD,Junior,Finance,Engineer,3,15,3,36,7,2,1.911740704,9.682937689,5,2,Contract,Semi-Urban,Small,1,96437.26593
29,28,PhD,Senior,IT,Analyst,3,2,9,30,6,7,5.003917063,3.666449412,9,0,Full-time,Semi-Urban,Small,4,108891.6564
52,1,Masters,Mid,Sales,Clerk,2,15,8,47,7,1,7.681199997,8.016237116,4,1,Full-time,Semi-Urban,Large,4,51450.68454
35,14,Masters,Junior,HR,Engineer,1,19,9,35,13,13,7.275041884,7.485768273,0,4,Full-time,Urban,Small,3,69277.96381
26,26,Masters,Senior,IT,Manager,3,8,0,46,11,2,8.886946109,4.403140791,5,0,Full-time,Semi-Urban,Small,2,100779.7151
46,25,Bachelors,Mid,IT,Engineer,2,4,8,42,7,10,6.477867853,3.394342814,2,4,Part-time,Urban,Large,2,92125.07923
25,18,Masters,Senior,IT,Analyst,5,1,9,55,14,13,7.518521609,4.683557966,2,0,Full-time,Rural,Large,1,94715.79117
45,26,PhD,Junior,Sales,Analyst,3,3,4,52,7,7,5.161135602,3.691446442,5,0,Contract,Semi-Urban,Medium,5,94991.87133
30,16,Masters,Senior,Sales,Engineer,2,14,8,37,18,9,2.505524708,6.648829439,2,1,Part-time,Urban,Medium,4,82874.12003
50,17,Masters,Senior,IT,Analyst,5,6,4,44,1,8,2.492211741,3.157928018,9,0,Part-time,Rural,Large,5,75468.72536
27,0,PhD,Mid,Sales,Clerk,3,19,8,37,7,11,7.735578481,5.232771432,5,0,Full-time,Urban,Small,1,59655.9042
25,8,PhD,Senior,Sales,Clerk,2,5,2,37,7,9,7.88642111,2.691148388,5,3,Contract,Semi-Urban,Small,1,62746.79918
45,27,Masters,Mid,Sales,Clerk,3,18,1,40,4,11,5.524392913,6.466675204,7,4,Part-time,Urban,Small,2,124511.4032
23,9,PhD,Mid,HR,Manager,3,17,6,54,16,5,2.777141581,1.858099202,7,2,Part-time,Urban,Small,3,61587.86062
33,6,PhD,Junior,IT,Clerk,4,13,1,48,10,12,2.800110376,9.991587513,9,3,Part-time,Rural,Small,3,72728.01539
28,15,PhD,Junior,HR,Clerk,1,11,1,32,8,4,3.716024259,2.915563316,7,2,Contract,Semi-Urban,Small,4,80767.70024
36,23,Masters,Mid,HR,Engineer,4,1,4,36,17,12,6.626758426,8.686868744,3,4,Part-time,Urban,Medium,1,116050.0009
24,7,Masters,Junior,Finance,Manager,1,2,3,56,7,3,7.912019568,7.832916889,3,1,Full-time,Urban,Medium,4,57545.51983
29,22,Masters,Mid,Sales,Clerk,5,11,1,57,8,6,1.936899382,8.529514661,1,2,Full-time,Rural,Medium,3,97633.31697
58,17,Bachelors,Junior,HR,Manager,1,6,8,54,5,1,5.675067185,3.543917307,9,3,Contract,Rural,Large,4,69022.76795
36,27,Bachelors,Senior,Finance,Clerk,2,18,9,35,8,1,6.205779531,7.781422374,5,2,Contract,Semi-Urban,Large,2,108761.4864
42,20,Masters,Mid,Sales,Clerk,2,8,0,49,9,5,3.423082989,7.255237163,6,0,Part-time,Semi-Urban,Large,5,103827.3676
48,15,Masters,Senior,Finance,Manager,4,14,4,47,0,13,7.126727427,4.356866868,9,2,Contract,Urban,Small,2,77297.96767
34,13,PhD,Junior,Finance,Engineer,5,14,7,55,14,8,1.952535649,5.901315618,9,2,Full-time,Rural,Medium,5,82579.11439
57,4,Masters,Senior,Finance,Engineer,1,18,6,50,11,7,5.981129071,2.132582251,3,3,Contract,Semi-Urban,Medium,4,68909.22777
55,7,Bachelors,Junior,Finance,Manager,3,1,2,59,3,11,7.174794071,3.866120139,0,1,Contract,Semi-Urban,Large,5,74161.13824
38,5,PhD,Senior,Sales,Engineer,4,6,5,41,11,14,7.464773819,2.119916118,1,4,Contract,Semi-Urban,Large,4,78902.67316
32,9,PhD,Senior,Finance,Analyst,1,13,6,50,4,2,2.842334869,1.768498895,0,4,Part-time,Urban,Medium,3,68734.53354
49,4,Bachelors,Senior,HR,Analyst,1,15,1,32,6,11,8.722735475,3.555157688,7,1,Part-time,Rural,Small,5,69126.9247
48,23,Bachelors,Senior,Sales,Analyst,3,3,7,44,6,6,1.138981923,3.859071299,2,3,Part-time,Rural,Medium,3,94774.86748
31,21,Bachelors,Mid,HR,Engineer,1,6,9,51,1,7,6.297300033,7.168184348,9,2,Full-time,Rural,Large,3,93604.12125
32,18,Masters,Junior,Sales,Manager,4,13,6,55,11,7,8.967906218,3.891810228,9,4,Full-time,Urban,Medium,5,102194.0785
36,10,Masters,Senior,IT,Engineer,2,13,7,57,5,9,5.758056346,4.016001695,3,0,Part-time,Rural,Medium,2,68759.25838
49,26,Bachelors,Senior,Finance,Engineer,4,17,1,40,5,11,4.154839679,7.276017327,4,3,Full-time,Rural,Medium,2,117251.0605
53,25,PhD,Senior,Sales,Analyst,5,6,1,57,6,9,2.044429714,7.951111375,4,4,Full-time,Semi-Urban,Small,4,106011.7634
40,16,Bachelors,Mid,HR,Manager,5,9,2,45,7,10,2.066054945,8.905218897,7,0,Contract,Urban,Large,1,108809.3176
36,23,Masters,Mid,HR,Engineer,4,1,4,36,17,12,6.626758426,8.686868744,3,4,Part-time,Urban,Medium,1,116050.0009
41,6,Bachelors,Senior,Sales,Manager,2,8,2,46,7,9,4.695557862,8.096600553,5,4,Part-time,Rural,Medium,3,73916.47853
32,9,PhD,Senior,Finance,Analyst,1,13,6,50,4,2,2.842334869,1.768498895,0,4,Part-time,Urban,Medium,3,68734.53354
33,5,PhD,Mid,Sales,Clerk,5,3,4,53,10,7,2.64372239,8.366868808,5,2,Part-time,Urban,Medium,2,74801.96496
23,10,Bachelors,Senior,Finance,Clerk,1,14,0,51,5,9,2.74618569,4.333806375,0,0,Contract,Rural,Small,3,58872.75334
52,8,Bachelors,Senior,Sales,Analyst,3,8,7,35,18,11,3.97115801,3.870881983,7,1,Part-time,Urban,Medium,4,75173.21639
30,4,Masters,Senior,Sales,Analyst,4,8,3,45,14,10,1.824052034,6.477917644,3,4,Contract,Urban,Medium,5,53118.55321
29,13,PhD,Junior,HR,Analyst,3,10,0,37,7,3,2.08300343,7.29703515,8,4,Contract,Semi-Urban,Large,1,90867.44561
55,7,Bachelors,Junior,Finance,Manager,3,1,2,59,3,11,7.174794071,3.866120139,0,1,Contract,Semi-Urban,Large,5,74161.13824
26,1,Bachelors,Senior,IT,Clerk,3,8,9,36,12,3,2.623104955,1.501300003,2,2,Part-time,Urban,Small,3,53037.66496
34,13,PhD,Junior,Finance,Engineer,5,14,7,55,14,8,1.952535649,5.901315618,9,2,Full-time,Rural,Medium,5,82579.11439
53,19,Masters,Mid,HR,Clerk,4,19,0,55,11,3,7.345488464,8.839021288,0,2,Full-time,Rural,Small,1,97581.31401
30,24,PhD,Mid,Sales,Manager,5,14,4,54,8,14,2.94038485,7.55836775,3,4,Contract,Urban,Small,1,96799.42615
58,28,PhD,Senior,IT,Manager,4,2,9,36,11,11,8.218634838,7.090569745,7,2,Full-time,Rural,Large,5,133596.3185
30,4,Masters,Senior,Sales,Analyst,4,8,3,45,14,10,1.824052034,6.477917644,3,4,Contract,Urban,Medium,5,53118.55321
29,21,Bachelors,Junior,Finance,Manager,5,6,9,57,12,11,6.106541795,2.673031288,8,2,Part-time,Semi-Urban,Medium,1,90024.17934
37,18,Bachelors,Junior,Finance,Clerk,4,2,0,41,15,5,5.81246795,3.757759891,7,3,Part-time,Urban,Large,4,99234.77982
55,7,Bachelors,Junior,Finance,Manager,3,1,2,59,3,11,7.174794071,3.866120139,0,1,Contract,Semi-Urban,Large,5,74161.13824
38,18,Bachelors,Mid,HR,Manager,3,10,9,53,10,1,4.8230887,7.98191795,1,0,Part-time,Semi-Urban,Large,4,94901.39024
30,24,PhD,Mid,Sales,Manager,5,14,4,54,8,14,2.94038485,7.55836775,3,4,Contract,Urban,Small,1,96799.42615
23,9,PhD,Mid,HR,Manager,3,17,6,54,16,5,2.777141581,1.858099202,7,2,Part-time,Urban,Small,3,61587.86062
53,17,Masters,Mid,Finance,Analyst,3,16,4,32,3,12,8.83770211,5.83560946,6,2,Part-time,Rural,Small,2,91829.43346
46,2,Bachelors,Mid,IT,Manager,3,3,2,39,4,9,8.06381227,6.053601513,1,3,Contract,Urban,Medium,5,54061.13409
51,18,Bachelors,Senior,IT,Engineer,1,19,7,41,16,1,5.758167377,8.479403028,4,4,Part-time,Urban,Medium,2,93756.45101
52,27,Bachelors,Mid,HR,Analyst,2,14,6,31,1,13,8.348200215,1.872550552,0,3,Full-time,Urban,Small,5,110337.2609
26,19,Bachelors,Junior,HR,Manager,4,13,3,35,18,8,9.262659019,9.06848616,2,1,Part-time,Semi-Urban,Large,2,91586.84241
41,27,Masters,Senior,HR,Clerk,2,8,3,57,17,4,8.49835248,8.934492759,5,0,Contract,Semi-Urban,Small,1,112080.7438
29,13,PhD,Junior,HR,Analyst,3,10,0,37,7,3,2.08300343,7.29703515,8,4,Contract,Semi-Urban,Large,1,90867.44561
51,28,Masters,Senior,Finance,Clerk,1,17,5,46,3,3,9.236342549,6.95788122,2,1,Full-time,Rural,Small,4,99057.80001
44,16,Bachelors,Junior,IT,Engineer,5,18,9,42,12,7,6.27531732,9.457339719,5,2,Full-time,Semi-Urban,Medium,3,109010.125
24,1,Bachelors,Junior,HR,Manager,5,6,3,50,0,12,2.684488847,3.232535906,0,3,Contract,Rural,Large,4,61432.53193
39,26,Masters,Senior,Sales,Clerk,5,13,0,31,18,14,2.425296826,8.432678148,2,1,Part-time,Semi-Urban,Medium,3,128057.5106
23,9,PhD,Mid,HR,Manager,3,17,6,54,16,5,2.777141581,1.858099202,7,2,Part-time,Urban,Small,3,61587.86062
37,5,Bachelors,Junior,HR,Engineer,5,6,5,37,12,12,2.422863056,9.926000225,2,3,Part-time,Rural,Medium,2,68190.06333
41,22,Bachelors,Senior,Finance,Manager,2,7,3,40,15,12,8.602502805,8.123280108,0,3,Part-time,Urban,Large,4,118037.4389
41,5,Bachelors,Mid,Sales,Manager,4,19,9,36,11,8,3.236978727,8.678019902,4,0,Contract,Rural,Large,2,68355.60261
36,22,Bachelors,Junior,Sales,Engineer,5,11,9,41,9,4,3.555836943,8.946620221,7,4,Full-time,Semi-Urban,Medium,2,98887.78121
43,10,Bachelors,Senior,Sales,Engineer,2,16,7,34,9,3,2.474546489,5.274242072,6,3,Part-time,Rural,Medium,1,83240.63698
29,6,PhD,Mid,Sales,Engineer,4,7,9,57,18,13,1.560751568,4.618225152,2,3,Part-time,Rural,Small,1,80215.62175
25,12,Bachelors,Junior,Sales,Engineer,1,9,5,42,2,5,3.158858606,5.432153488,7,2,Full-time,Semi-Urban,Small,3,60835.44279
28,11,PhD,Junior,Sales,Engineer,5,12,4,33,14,3,1.985910248,5.023872286,8,1,Full-time,Rural,Large,4,69443.55699
37,5,Bachelors,Junior,HR,Clerk,1,12,3,45,9,10,2.067196783,1.758889092,8,3,Part-time,Rural,Medium,4,54763.86369
29,22,Masters,Mid,Sales,Clerk,5,11,1,57,8,6,1.936899382,8.529514661,1,2,Full-time,Rural,Medium,3,97633.31697
37,29,PhD,Mid,Finance,Analyst,2,9,6,36,2,13,8.140049058,2.784758279,9,4,Part-time,Semi-Urban,Small,5,100995.759
26,29,Masters,Junior,IT,Analyst,1,10,1,33,0,14,6.576695144,4.70258537,9,1,Contract,Urban,Small,5,115291.7976
41,21,Masters,Junior,Finance,Analyst,1,5,4,43,8,11,2.288070553,4.049582888,6,1,Full-time,Semi-Urban,Large,5,89951.57002
30,6,PhD,Mid,IT,Engineer,5,12,9,56,8,11,6.019136852,9.140243547,8,0,Part-time,Urban,Small,3,82725.42911
32,23,Masters,Senior,Sales,Analyst,2,16,1,37,0,12,5.987589483,6.035535075,5,0,Full-time,Urban,Large,5,85716.23157
29,22,Masters,Mid,Sales,Clerk,5,11,1,57,8,6,1.936899382,8.529514661,1,2,Full-time,Rural,Medium,3,97633.31697
26,29,Masters,Junior,IT,Analyst,1,10,1,33,0,14,6.576695144,4.70258537,9,1,Contract,Urban,Small,5,115291.7976
55,8,PhD,Mid,Sales,Clerk,1,2,6,32,13,7,1.725894503,1.348260435,5,0,Full-time,Urban,Medium,3,62926.80703
44,17,PhD,Junior,IT,Clerk,4,2,0,58,11,14,2.087653047,4.000179383,7,2,Full-time,Urban,Large,3,94988.86831
26,13,Bachelors,Mid,Finance,Clerk,5,9,9,57,16,8,6.281671553,1.906372239,9,0,Part-time,Semi-Urban,Small,3,94964.31824
37,21,Masters,Junior,Finance,Clerk,4,4,0,42,1,12,6.122859377,9.883976076,7,2,Full-time,Urban,Medium,1,104452.6307
52,0,PhD,Mid,Sales,Analyst,5,16,5,30,12,3,9.804372629,4.326241775,6,0,Contract,Semi-Urban,Small,1,53211.86276
54,2,PhD,Senior,HR,Manager,1,2,1,57,2,8,8.286027595,6.527359113,7,1,Contract,Rural,Small,4,68564.85853
48,12,Bachelors,Junior,Finance,Engineer,4,19,6,33,3,9,8.505803365,4.747241356,8,0,Part-time,Urban,Large,4,78879.49299
43,13,PhD,Mid,Finance,Analyst,5,5,8,42,5,2,2.608340934,8.566991116,6,1,Contract,Semi-Urban,Large,1,98680.73027
25,4,Masters,Senior,Finance,Manager,1,17,0,49,0,9,6.753276008,6.645221612,4,0,Part-time,Urban,Small,5,63566.54194
45,26,PhD,Junior,Sales,Analyst,3,3,4,52,7,7,5.161135602,3.691446442,5,0,Contract,Semi-Urban,Medium,5,94991.87133
24,1,Masters,Mid,HR,Manager,3,18,3,45,7,5,5.195515697,5.187672217,8,4,Full-time,Semi-Urban,Small,2,57747.72236
46,25,Bachelors,Mid,IT,Engineer,2,4,8,42,7,10,6.477867853,3.394342814,2,4,Part-time,Urban,Large,2,92125.07923
37,5,Bachelors,Junior,HR,Clerk,1,12,3,45,9,10,2.067196783,1.758889092,8,3,Part-time,Rural,Medium,4,54763.86369
57,4,Masters,Senior,Finance,Engineer,1,18,6,50,11,7,5.981129071,2.132582251,3,3,Contract,Semi-Urban,Medium,4,68909.22777
27,3,PhD,Senior,Sales,Manager,5,7,8,31,18,12,6.417047545,5.618502914,0,0,Full-time,Semi-Urban,Large,5,67979.25104
42,21,Bachelors,Senior,HR,Engineer,4,17,9,44,5,13,4.696668627,9.122968964,3,1,Full-time,Rural,Small,1,92637.23138
37,5,Bachelors,Junior,HR,Engineer,5,6,5,37,12,12,2.422863056,9.926000225,2,3,Part-time,Rural,Medium,2,68190.06333
26,29,Masters,Junior,IT,Analyst,1,10,1,33,0,14,6.576695144,4.70258537,9,1,Contract,Urban,Small,5,115291.7976
40,1,PhD,Junior,IT,Analyst,3,2,6,50,13,10,5.330083824,9.583490907,2,4,Contract,Rural,Small,1,63939.27291
55,24,Bachelors,Mid,HR,Clerk,4,16,0,54,8,13,4.999186425,1.678550852,8,3,Part-time,Urban,Small,2,89578.44745
36,23,Masters,Mid,HR,Engineer,4,1,4,36,17,12,6.626758426,8.686868744,3,4,Part-time,Urban,Medium,1,116050.0009
52,5,Masters,Mid,Finance,Analyst,2,4,7,46,6,1,3.950222875,4.750922255,3,2,Contract,Rural,Large,4,50233.32958
42,22,Bachelors,Senior,IT,Manager,1,9,9,50,4,10,4.737848306,6.802419288,1,4,Part-time,Semi-Urban,Medium,1,95924.75145
30,6,PhD,Senior,Sales,Analyst,2,18,4,39,15,7,5.918653767,8.136402647,4,0,Full-time,Urban,Large,3,81734.33694
52,8,Bachelors,Senior,Sales,Analyst,3,8,7,35,18,11,3.97115801,3.870881983,7,1,Part-time,Urban,Medium,4,75173.21639
44,27,PhD,Senior,HR,Clerk,1,8,8,52,14,4,9.918465337,4.085191815,6,0,Full-time,Semi-Urban,Large,1,110404.6955
36,18,Masters,Mid,HR,Manager,3,13,6,53,0,2,6.641045576,1.837833525,8,2,Full-time,Semi-Urban,Large,3,98635.44581
31,13,PhD,Mid,HR,Clerk,3,13,8,52,2,8,6.557704969,1.066477957,3,0,Full-time,Urban,Large,3,82322.47852
55,14,PhD,Senior,Finance,Analyst,3,9,1,49,16,4,6.419333729,2.887663406,2,2,Part-time,Urban,Medium,5,83143.52982
44,15,Masters,Junior,Sales,Manager,5,19,6,47,1,9,1.724119065,9.721098492,9,0,Contract,Rural,Large,5,79884.43726
29,13,PhD,Junior,HR,Analyst,3,10,0,37,7,3,2.08300343,7.29703515,8,4,Contract,Semi-Urban,Large,1,90867.44561
25,29,Masters,Mid,Sales,Manager,1,17,5,54,4,11,3.46919342,9.702490885,6,3,Full-time,Urban,Large,5,104108.1825
38,10,PhD,Junior,IT,Manager,1,10,6,37,7,12,6.195834777,5.578170141,0,1,Contract,Semi-Urban,Large,4,79245.63895
53,2,Bachelors,Junior,IT,Clerk,4,18,3,50,19,11,4.362620244,6.004962599,6,0,Full-time,Rural,Medium,4,51024.57536
29,13,PhD,Senior,Sales,Analyst,1,18,8,52,10,5,9.064508762,3.738848377,2,1,Full-time,Urban,Medium,4,71321.12681
31,19,Bachelors,Junior,HR,Manager,5,17,3,43,8,12,6.333234031,7.650584313,8,3,Contract,Urban,Large,3,110570.9352
47,0,Masters,Junior,HR,Analyst,2,13,1,34,6,4,2.558646712,4.489785638,7,2,Contract,Semi-Urban,Medium,2,63339.38948
38,4,Bachelors,Senior,Finance,Engineer,4,16,5,41,4,2,4.226537789,5.213150149,3,1,Full-time,Semi-Urban,Large,1,60926.31797
22,26,Bachelors,Junior,IT,Engineer,1,9,9,47,6,14,8.841642942,2.120319207,5,1,Part-time,Semi-Urban,Small,3,114815.026
24,8,Bachelors,Mid,Finance,Analyst,4,8,9,46,14,3,3.124740194,1.785078829,4,3,Part-time,Semi-Urban,Small,4,63886.83479
41,22,Bachelors,Mid,Finance,Manager,2,16,4,57,8,3,6.211363012,6.145073515,8,3,Contract,Rural,Medium,1,108598.4512
52,1,Masters,Mid,Sales,Clerk,2,15,8,47,7,1,7.681199997,8.016237116,4,1,Full-time,Semi-Urban,Large,4,51450.68454
24,15,Bachelors,Junior,Sales,Clerk,4,7,9,32,7,3,3.246641862,7.660470651,4,4,Full-time,Semi-Urban,Medium,5,97850.20664
29,6,PhD,Mid,Sales,Engineer,4,7,9,57,18,13,1.560751568,4.618225152,2,3,Part-time,Rural,Small,1,80215.62175
50,7,Masters,Senior,Sales,Clerk,5,12,2,33,8,8,6.75060754,1.291499442,8,1,Part-time,Rural,Medium,1,82611.40687
25,1,PhD,Mid,IT,Clerk,3,16,3,31,16,5,6.197173298,1.94624702,7,4,Full-time,Rural,Large,2,52068.66972
59,14,Masters,Junior,Sales,Clerk,3,6,5,59,4,14,1.781707409,6.126451762,1,4,Full-time,Rural,Large,3,86313.44952
55,25,PhD,Junior,HR,Manager,4,6,6,47,11,9,5.31100931,2.148150814,8,1,Full-time,Semi-Urban,Small,2,90458.79029
42,20,Masters,Mid,Sales,Clerk,2,8,0,49,9,5,3.423082989,7.255237163,6,0,Part-time,Semi-Urban,Large,5,103827.3676
41,27,Masters,Senior,HR,Clerk,2,8,3,57,17,4,8.49835248,8.934492759,5,0,Contract,Semi-Urban,Small,1,112080.7438
40,1,PhD,Junior,IT,Analyst,3,2,6,50,13,10,5.330083824,9.583490907,2,4,Contract,Rural,Small,1,63939.27291
46,6,Masters,Senior,IT,Analyst,5,11,9,45,8,6,6.172612048,3.047190487,5,0,Full-time,Rural,Large,4,81211.24063
51,18,Bachelors,Senior,IT,Engineer,1,19,7,41,16,1,5.758167377,8.479403028,4,4,Part-time,Urban,Medium,2,93756.45101
49,26,Bachelors,Senior,Finance,Engineer,4,17,1,40,5,11,4.154839679,7.276017327,4,3,Full-time,Rural,Medium,2,117251.0605
53,17,Masters,Mid,Finance,Analyst,3,16,4,32,3,12,8.83770211,5.83560946,6,2,Part-time,Rural,Small,2,91829.43346
45,14,Masters,Mid,Finance,Clerk,3,4,8,58,19,12,7.035704694,2.755636741,2,3,Full-time,Rural,Medium,2,85449.46878
27,23,Masters,Mid,IT,Clerk,2,3,4,42,5,11,7.972423504,4.965613616,5,0,Full-time,Rural,Small,3,93128.15984
45,14,Masters,Mid,Finance,Clerk,3,4,8,58,19,12,7.035704694,2.755636741,2,3,Full-time,Rural,Medium,2,85449.46878
41,18,Bachelors,Mid,HR,Analyst,3,10,7,40,17,7,4.072910868,5.946919772,8,0,Contract,Rural,Small,2,94737.21459
32,27,Masters,Senior,Finance,Clerk,2,9,0,43,7,12,8.821658393,4.911509754,2,4,Part-time,Semi-Urban,Medium,2,102044.4701
29,2,Masters,Mid,Finance,Engineer,5,11,3,30,12,8,6.617697504,6.441876246,1,3,Part-time,Semi-Urban,Medium,2,53485.949
58,27,Bachelors,Mid,Finance,Manager,1,11,7,31,16,6,4.012796695,2.845185329,4,1,Contract,Urban,Large,5,88511.01909
48,9,Bachelors,Junior,HR,Analyst,5,2,5,46,10,11,5.392838668,4.197029315,0,4,Part-time,Urban,Medium,5,88051.27385
31,18,Bachelors,Junior,Sales,Manager,1,19,5,38,15,13,3.776204562,5.791128767,8,2,Full-time,Rural,Large,1,75057.55908
47,28,PhD,Senior,Sales,Manager,3,18,9,31,0,12,9.080996857,9.766880565,5,0,Contract,Semi-Urban,Small,4,108156.2535
26,19,Bachelors,Mid,Finance,Engineer,2,15,8,39,5,8,5.505353204,6.541387225,7,2,Part-time,Urban,Medium,5,79962.01787
23,3,Bachelors,Junior,IT,Engineer,5,12,5,35,8,5,6.558703533,7.652723798,8,0,Full-time,Semi-Urban,Large,5,64224.97209
32,3,Bachelors,Junior,Finance,Engineer,5,4,2,51,7,1,6.09931716,5.102623998,0,2,Full-time,Urban,Small,1,56080.46596
34,13,PhD,Junior,Finance,Engineer,5,14,7,55,14,8,1.952535649,5.901315618,9,2,Full-time,Rural,Medium,5,82579.11439
30,16,Masters,Senior,Sales,Engineer,2,14,8,37,18,9,2.505524708,6.648829439,2,1,Part-time,Urban,Medium,4,82874.12003
58,29,Masters,Senior,HR,Manager,5,11,8,48,5,10,8.468222079,4.771477846,2,0,Full-time,Rural,Small,5,125430.9955
45,11,PhD,Junior,IT,Manager,1,3,3,45,17,2,2.661476691,6.81402972,7,0,Full-time,Urban,Large,2,78694.31235
51,18,Bachelors,Senior,IT,Engineer,1,19,7,41,16,1,5.758167377,8.479403028,4,4,Part-time,Urban,Medium,2,93756.45101
52,1,Masters,Mid,Sales,Clerk,2,15,8,47,7,1,7.681199997,8.016237116,4,1,Full-time,Semi-Urban,Large,4,51450.68454
48,23,Bachelors,Senior,Sales,Analyst,3,3,7,44,6,6,1.138981923,3.859071299,2,3,Part-time,Rural,Medium,3,94774.86748
51,29,Bachelors,Senior,Finance,Manager,2,5,3,36,11,14,8.414394883,9.301310681,1,3,Part-time,Rural,Small,4,127968.9677
49,26,Bachelors,Senior,Finance,Engineer,4,17,1,40,5,11,4.154839679,7.276017327,4,3,Full-time,Rural,Medium,2,117251.0605
40,18,Masters,Senior,Sales,Analyst,4,1,3,44,4,5,1.421983481,2.643267182,6,0,Full-time,Urban,Medium,4,101624.9041
22,15,Bachelors,Junior,IT,Engineer,5,2,6,47,18,10,4.896770332,8.786507805,5,4,Part-time,Semi-Urban,Medium,5,93725.5797
45,0,Bachelors,Mid,IT,Clerk,4,15,0,31,18,2,2.367687856,7.969801917,5,1,Contract,Rural,Small,5,54365.45016
36,10,Masters,Senior,IT,Engineer,2,13,7,57,5,9,5.758056346,4.016001695,3,0,Part-time,Rural,Medium,2,68759.25838
55,24,Bachelors,Mid,HR,Clerk,4,16,0,54,8,13,4.999186425,1.678550852,8,3,Part-time,Urban,Small,2,89578.44745
41,8,Masters,Mid,Sales,Manager,3,18,4,37,1,5,7.967351462,5.394132315,6,4,Full-time,Rural,Small,4,87418.31024
48,4,Masters,Mid,Finance,Engineer,4,7,9,57,13,5,3.07813625,1.347947106,9,4,Full-time,Urban,Large,3,46252.67278
32,23,Masters,Senior,Sales,Analyst,2,16,1,37,0,12,5.987589483,6.035535075,5,0,Full-time,Urban,Large,5,85716.23157
48,15,Masters,Senior,Finance,Manager,4,14,4,47,0,13,7.126727427,4.356866868,9,2,Contract,Urban,Small,2,77297.96767
34,28,PhD,Junior,HR,Clerk,3,17,9,38,18,3,4.434546751,8.88304516,3,0,Full-time,Urban,Small,3,100393.2009
25,18,Masters,Senior,IT,Analyst,5,1,9,55,14,13,7.518521609,4.683557966,2,0,Full-time,Rural,Large,1,94715.79117
54,19,Masters,Junior,IT,Clerk,1,4,4,37,8,10,4.723238967,7.87743138,6,0,Full-time,Urban,Medium,2,76318.15662
35,20,Bachelors,Junior,IT,Analyst,1,7,3,32,16,6,5.616557548,4.725041252,2,0,Part-time,Rural,Small,2,84783.60705
30,6,Masters,Junior,Finance,Engineer,5,19,9,34,1,11,6.868990199,7.251590919,5,0,Contract,Urban,Medium,3,73879.8993
45,11,PhD,Junior,IT,Manager,1,3,3,45,17,2,2.661476691,6.81402972,7,0,Full-time,Urban,Large,2,78694.31235
29,8,Masters,Senior,HR,Clerk,3,9,4,33,12,13,8.445968178,7.400105133,0,3,Full-time,Urban,Large,1,80866.09434
58,27,Bachelors,Mid,Finance,Manager,1,11,7,31,16,6,4.012796695,2.845185329,4,1,Contract,Urban,Large,5,88511.01909
55,25,Bachelors,Senior,HR,Engineer,2,6,4,46,3,12,6.651480695,5.482468354,7,1,Full-time,Rural,Medium,5,115306.4427
26,9,Masters,Mid,IT,Manager,4,17,0,34,2,3,5.150369608,7.926978205,2,2,Contract,Urban,Large,4,82637.74345
43,9,Bachelors,Junior,Sales,Engineer,2,14,9,30,1,14,3.955506545,5.879851263,9,3,Part-time,Urban,Small,4,84420.32806
43,21,Bachelors,Mid,Sales,Engineer,2,9,4,39,11,10,6.166889456,1.262502612,4,1,Full-time,Semi-Urban,Large,3,88443.89259
49,28,PhD,Senior,IT,Engineer,1,3,6,48,18,13,4.051615276,2.042141382,6,2,Full-time,Semi-Urban,Medium,1,96472.18494
47,9,Masters,Mid,IT,Clerk,1,3,0,54,7,2,6.61891245,2.727342072,4,3,Contract,Semi-Urban,Small,2,67753.72294
46,26,Masters,Mid,Finance,Manager,1,11,9,32,4,14,3.09047495,3.923591202,8,0,Contract,Urban,Medium,3,107683.7844
50,24,Masters,Mid,IT,Analyst,4,8,5,47,6,13,5.993978501,1.394019696,6,3,Full-time,Rural,Small,5,106390.8021
39,16,Bachelors,Junior,IT,Clerk,4,10,5,52,11,4,5.771707568,6.371175319,4,4,Part-time,Semi-Urban,Small,4,98155.11795
32,27,PhD,Senior,Sales,Analyst,1,8,4,55,0,13,5.013422449,4.636595126,8,0,Part-time,Rural,Medium,1,110410.3366
30,16,Masters,Senior,Sales,Engineer,2,14,8,37,18,9,2.505524708,6.648829439,2,1,Part-time,Urban,Medium,4,82874.12003
58,17,Bachelors,Junior,HR,Manager,1,6,8,54,5,1,5.675067185,3.543917307,9,3,Contract,Rural,Large,4,69022.76795
45,27,Masters,Mid,Sales,Clerk,3,18,1,40,4,11,5.524392913,6.466675204,7,4,Part-time,Urban,Small,2,124511.4032
50,17,Masters,Senior,IT,Analyst,5,6,4,44,1,8,2.492211741,3.157928018,9,0,Part-time,Rural,Large,5,75468.72536
31,19,Bachelors,Junior,HR,Manager,5,17,3,43,8,12,6.333234031,7.650584313,8,3,Contract,Urban,Large,3,110570.9352
26,26,Masters,Mid,Sales,Clerk,1,17,0,41,5,12,7.150920329,5.123772966,4,4,Part-time,Urban,Large,2,114986.4479
36,22,Bachelors,Junior,Sales,Engineer,5,11,9,41,9,4,3.555836943,8.946620221,7,4,Full-time,Semi-Urban,Medium,2,98887.78121
53,16,Bachelors,Mid,Finance,Analyst,1,18,1,45,5,11,9.218042515,1.801527645,7,3,Full-time,Urban,Small,2,68236.87569
54,2,Bachelors,Mid,HR,Analyst,3,17,6,43,19,3,9.693154031,8.857797453,6,3,Contract,Rural,Medium,3,53645.51097
35,23,Bachelors,Senior,IT,Analyst,4,9,1,50,4,1,9.264279208,5.668995104,8,2,Part-time,Rural,Small,3,123767.0733
31,12,Bachelors,Junior,HR,Engineer,4,13,8,54,14,8,1.233614938,3.953010254,2,4,Contract,Urban,Medium,5,62649.22724
45,11,PhD,Junior,IT,Manager,1,3,3,45,17,2,2.661476691,6.81402972,7,0,Full-time,Urban,Large,2,78694.31235
29,22,Masters,Mid,Sales,Clerk,5,11,1,57,8,6,1.936899382,8.529514661,1,2,Full-time,Rural,Medium,3,97633.31697
37,11,Bachelors,Junior,Sales,Analyst,1,19,6,45,14,14,2.290893676,5.92353259,8,2,Part-time,Urban,Small,5,76125.13278
41,6,Bachelors,Senior,Sales,Manager,2,8,2,46,7,9,4.695557862,8.096600553,5,4,Part-time,Rural,Medium,3,73916.47853
47,28,PhD,Senior,Sales,Manager,3,18,9,31,0,12,9.080996857,9.766880565,5,0,Contract,Semi-Urban,Small,4,108156.2535
32,14,Bachelors,Mid,Sales,Engineer,5,11,6,48,13,5,7.295706153,4.983092501,8,0,Full-time,Urban,Large,1,83227.41715
34,5,PhD,Mid,Sales,Manager,4,18,3,36,12,11,9.92240191,7.346280667,3,1,Full-time,Urban,Large,4,62708.93871
47,22,Masters,Junior,Finance,Manager,5,14,3,45,14,7,1.252432771,7.914027755,4,0,Part-time,Semi-Urban,Small,4,106553.2661
44,15,Masters,Junior,Sales,Manager,5,19,6,47,1,9,1.724119065,9.721098492,9,0,Contract,Rural,Large,5,79884.43726
48,12,Bachelors,Junior,Finance,Engineer,4,19,6,33,3,9,8.505803365,4.747241356,8,0,Part-time,Urban,Large,4,78879.49299
29,21,Bachelors,Junior,Finance,Manager,5,6,9,57,12,11,6.106541795,2.673031288,8,2,Part-time,Semi-Urban,Medium,1,90024.17934
31,12,Bachelors,Junior,HR,Engineer,4,13,8,54,14,8,1.233614938,3.953010254,2,4,Contract,Urban,Medium,5,62649.22724
38,5,PhD,Senior,Sales,Engineer,4,6,5,41,11,14,7.464773819,2.119916118,1,4,Contract,Semi-Urban,Large,4,78902.67316
31,18,Bachelors,Junior,Sales,Manager,1,19,5,38,15,13,3.776204562,5.791128767,8,2,Full-time,Rural,Large,1,75057.55908
34,13,PhD,Junior,Finance,Engineer,5,14,7,55,14,8,1.952535649,5.901315618,9,2,Full-time,Rural,Medium,5,82579.11439
26,22,Masters,Junior,IT,Clerk,4,17,1,44,19,9,6.594911173,9.971953685,7,0,Contract,Urban,Large,5,120909.2556
31,18,Bachelors,Junior,Sales,Manager,1,19,5,38,15,13,3.776204562,5.791128767,8,2,Full-time,Rural,Large,1,75057.55908
50,17,Masters,Senior,IT,Analyst,5,6,4,44,1,8,2.492211741,3.157928018,9,0,Part-time,Rural,Large,5,75468.72536
36,10,Masters,Senior,IT,Engineer,2,13,7,57,5,9,5.758056346,4.016001695,3,0,Part-time,Rural,Medium,2,68759.25838
42,1,Bachelors,Senior,IT,Engineer,2,5,0,32,16,13,1.929466118,1.490882234,3,4,Full-time,Semi-Urban,Medium,1,56891.5248
25,25,Masters,Junior,Finance,Clerk,1,7,4,35,3,9,6.681479891,3.824218862,8,1,Full-time,Urban,Large,2,103581.5425
50,7,Masters,Mid,HR,Analyst,4,17,1,39,19,13,2.144753909,2.314919988,1,4,Full-time,Semi-Urban,Small,3,50943.65789
51,7,Bachelors,Senior,IT,Engineer,5,1,7,51,2,11,9.351654896,8.527303455,6,2,Full-time,Semi-Urban,Large,2,76416.41904
40,18,Masters,Senior,Sales,Analyst,4,1,3,44,4,5,1.421983481,2.643267182,6,0,Full-time,Urban,Medium,4,101624.9041
32,9,PhD,Senior,Finance,Analyst,1,13,6,50,4,2,2.842334869,1.768498895,0,4,Part-time,Urban,Medium,3,68734.53354
33,16,Bachelors,Senior,Finance,Engineer,1,1,2,41,0,2,5.429570881,8.666691132,3,0,Part-time,Rural,Medium,4,77785.60024
57,4,Masters,Senior,Finance,Engineer,1,18,6,50,11,7,5.981129071,2.132582251,3,3,Contract,Semi-Urban,Medium,4,68909.22777
37,29,PhD,Mid,Finance,Analyst,2,9,6,36,2,13,8.140049058,2.784758279,9,4,Part-time,Semi-Urban,Small,5,100995.759
43,13,PhD,Mid,Finance,Analyst,5,5,8,42,5,2,2.608340934,8.566991116,6,1,Contract,Semi-Urban,Large,1,98680.73027
25,4,Masters,Mid,Sales,Engineer,5,5,9,38,16,9,2.697264322,6.042316373,4,2,Part-time,Urban,Large,3,70389.04397
53,23,Masters,Senior,Sales,Analyst,3,19,5,41,11,10,4.224973684,5.544575725,6,3,Contract,Rural,Small,2,86966.46455
58,21,Masters,Senior,IT,Analyst,5,8,8,56,4,10,3.666481368,7.181619954,1,0,Full-time,Rural,Medium,4,94994.42531
59,22,Bachelors,Junior,Finance,Manager,1,1,4,39,16,6,2.761785523,6.850364796,1,4,Part-time,Rural,Medium,2,98856.22328
46,19,Bachelors,Mid,HR,Manager,2,16,6,46,2,9,8.242085182,7.332846079,0,4,Part-time,Rural,Large,2,83245.50048
33,6,PhD,Junior,IT,Clerk,4,13,1,48,10,12,2.800110376,9.991587513,9,3,Part-time,Rural,Small,3,72728.01539
32,18,PhD,Mid,Finance,Manager,2,8,2,46,15,1,8.317461669,1.582797689,6,2,Full-time,Semi-Urban,Large,1,92230.8189
36,10,Masters,Senior,IT,Engineer,2,13,7,57,5,9,5.758056346,4.016001695,3,0,Part-time,Rural,Medium,2,68759.25838
43,2,Masters,Junior,IT,Analyst,1,14,6,32,7,2,3.772832166,6.33284714,3,2,Part-time,Urban,Medium,2,47903.24873
59,22,Bachelors,Junior,Finance,Manager,1,1,4,39,16,6,2.761785523,6.850364796,1,4,Part-time,Rural,Medium,2,98856.22328
56,6,Masters,Mid,HR,Engineer,3,4,6,54,8,1,2.490966656,4.153046252,5,0,Part-time,Rural,Medium,1,56504.62216
37,4,PhD,Mid,Sales,Engineer,1,4,9,59,14,1,1.173124636,2.338009682,3,0,Contract,Urban,Medium,4,37920.73625
37,5,Bachelors,Junior,HR,Clerk,1,12,3,45,9,10,2.067196783,1.758889092,8,3,Part-time,Rural,Medium,4,54763.86369
58,17,Bachelors,Junior,HR,Manager,1,6,8,54,5,1,5.675067185,3.543917307,9,3,Contract,Rural,Large,4,69022.76795
55,25,PhD,Junior,HR,Manager,4,6,6,47,11,9,5.31100931,2.148150814,8,1,Full-time,Semi-Urban,Small,2,90458.79029
51,18,Bachelors,Senior,IT,Engineer,1,19,7,41,16,1,5.758167377,8.479403028,4,4,Part-time,Urban,Medium,2,93756.45101
23,10,Bachelors,Senior,Finance,Clerk,1,14,0,51,5,9,2.74618569,4.333806375,0,0,Contract,Rural,Small,3,58872.75334
42,7,PhD,Senior,IT,Analyst,4,9,2,37,18,3,5.565417315,8.836824487,7,3,Full-time,Rural,Large,1,87770.6067
32,9,PhD,Senior,Finance,Analyst,1,13,6,50,4,2,2.842334869,1.768498895,0,4,Part-time,Urban,Medium,3,68734.53354
42,2,Bachelors,Mid,Sales,Manager,4,12,7,33,1,12,7.437125138,4.910552616,4,4,Contract,Rural,Medium,4,49532.78828
29,8,Masters,Senior,HR,Clerk,3,9,4,33,12,13,8.445968178,7.400105133,0,3,Full-time,Urban,Large,1,80866.09434
23,2,PhD,Senior,HR,Clerk,5,1,1,37,10,2,2.244037869,9.717595762,6,0,Contract,Urban,Small,2,63044.15278
46,6,Masters,Senior,IT,Analyst,5,11,9,45,8,6,6.172612048,3.047190487,5,0,Full-time,Rural,Large,4,81211.24063
49,3,Masters,Senior,Finance,Engineer,2,13,8,47,19,14,8.515475772,1.153441904,8,3,Part-time,Rural,Medium,1,45598.60606
35,2,PhD,Junior,Finance,Analyst,3,5,2,55,9,8,6.386020516,2.732435628,5,2,Part-time,Semi-Urban,Small,3,59399.94327
26,29,Masters,Junior,IT,Analyst,1,10,1,33,0,14,6.576695144,4.70258537,9,1,Contract,Urban,Small,5,115291.7976
41,21,Masters,Junior,Finance,Analyst,1,5,4,43,8,11,2.288070553,4.049582888,6,1,Full-time,Semi-Urban,Large,5,89951.57002
31,26,PhD,Junior,Sales,Engineer,3,15,0,45,3,14,9.526527603,1.45256429,9,2,Full-time,Rural,Large,3,110933.6048
28,27,PhD,Junior,Sales,Clerk,2,15,9,51,15,13,7.783013448,9.255549063,1,3,Contract,Urban,Medium,4,124769.6723
32,27,PhD,Senior,Sales,Analyst,1,8,4,55,0,13,5.013422449,4.636595126,8,0,Part-time,Rural,Medium,1,110410.3366
50,3,Masters,Junior,Finance,Analyst,2,19,8,30,3,6,7.982277525,8.644853831,5,4,Full-time,Urban,Large,1,62997.10212
47,22,Masters,Junior,Finance,Manager,5,14,3,45,14,7,1.252432771,7.914027755,4,0,Part-time,Semi-Urban,Small,4,106553.2661
52,7,Masters,Senior,Sales,Analyst,1,14,6,42,5,3,3.623887098,2.663091035,6,0,Full-time,Urban,Medium,1,44807.59634
48,15,Masters,Senior,Finance,Manager,4,14,4,47,0,13,7.126727427,4.356866868,9,2,Contract,Urban,Small,2,77297.96767